2,Robert Carradine, Billy Dee Williams, Valerie Bertinelli, Peter Graves
3,Jack Campbell, Anna Lise Phillips, Katie Moore, Hamish Phillips
4,Laura Linney, Dylan Walsh, Ernie Hudson, Tim Curry
5,N/A,N/A,,
6,Annabella Sciorra, Rebecca De Mornay, Matt McCoy, Ernie Hudson
7,Jim Belushi, Mel Harris, Kevin Tighe, Ed O'Neill
8,Louie Anderson, Richard Lewis, Richard Belzer, Franklyn Ajaye
9,Treat Williams, Joe Piscopo, Lindsay Frost, Darren McGavin
10,Clint Howard, R.G. Armstrong, Joe Cortese, Claude Earl Jones
11,Joe Pesci, Danny Glover, Rosanna Arquette, Lynn Whitfield
12,Sandra Bullock, Jeremy Northam, Dennis Miller, Diane Baker
13,Christopher Reeve, Richard Pryor, Jackie Cooper, Marc McClure
14,Christopher Reeve, Richard Pryor, Jackie Cooper, Marc McClure
15,Brendon Ryan Barrett, Gay Thomas Wilson, Raquel Beaudene, Claire Forlani
16,Burt Reynolds, Jack Weston, Tom Skerritt, Raquel Welch
17,Robert Duvall, Téa Leoni, Elijah Wood, Vanessa Redgrave
18,Matt Salinger, Ronny Cox, Ned Beatty, Darren McGavin
20,Mario Adorf, Anthony Dawson, Marquard Bohm, Mascha Rabben
21,Jim Belushi, Louis Gossett Jr., Rae Dawn Chong, Michael Wright
22,George Burns, Charlie Schlatter, Tony Roberts, Anita Morris
23,Michael Caine, Elizabeth McGovern, Peter Riegert, Swoosie Kurtz
24,Eric Walker, Warwick Davis, Fionnula Flanagan, Guy Boyd
25,Maz Jobrani,Maz Jobrani,,
26,Michael Ironside, Lee Grant, Linda Purl, William Shatner
27,Jack Nicholson, Michelle Pfeiffer, James Spader, Kate Nelligan
28,Stephen Geoffreys, Patrick O'Bryan, Sandy Dennis, Jim Metzler
29,Michiel Huisman, Carla Gugino, Henry Thomas, Elizabeth Reaser
30,Ricki Lake, Craig Sheffer, Nada Despotovich, Paul Benedict
31,Sylvester Stallone, Armand Assante, Rob Schneider, Jürgen Prochnow
32,Kurt McKinney, Jean-Claude Van Damme, J.W. Fails, Kathie Sileno
33,Wilford Brimley, Warwick Davis, Aubree Miller, Siân Phillips
34,Sara Gilbert, Drew Barrymore, Tom Skerritt, Cheryl Ladd
36,Pelle Hvenegaard, Max von Sydow, Erik Paaske, Björn Granath
37,Michael Keaton, Kelly Preston, Joseph Cross, Mark Addy
38,Wesley Snipes, Woody Harrelson, Jennifer Lopez, Robert Blake
39,Andrew Dice Clay, Wayne Newton, Priscilla Presley, Morris Day
40,Gary Busey, Mimi Rogers, Michael McKean, Kurt Christopher Kinder
41,Tom Atkins, Stacey Nelkin, Dan O'Herlihy, Michael Currie
42,Nicolas Cage, Judge Reinhold, Erika Anderson, Joe Pantoliano
43,Eddie Murphy, Angela Bassett, Allen Payne, Kadeem Hardison
45,Matthew Labyorteaux, Kristy Swanson, Michael Sharrett, Anne Twomey
46,Glynis Johns, Steve Railsback, Ronald France, Siphiwe Mlangeni
47,Lou Diamond Phillips, Lulu Wilson, Janet Kidder, Michael Coleman
48,Matthias Schweighöfer, Jessica Schwarz, Jan-Gregor Kremp, Florian Lukas
49,Jonny Lee Miller, Angelina Jolie, Jesse Bradford, Matthew Lillard
50,Hulk Hogan, Joan Severance, Kurt Fuller, Tommy 'Tiny' Lister
51,Marlon Wayans, Brad Dourif, Esther Scott, Debra Jo Rupp
52,Jim Belushi, Linda Hamilton, Michael Caine, Jon Lovitz
53,Eric McCormack, Carl Bressler, Ethan Glazer, Phyllis Franklin
54,Kurt Thomas, Tetchie Agbayani, Richard Norton, Edward Bell
55,Sylvester Stallone, Talia Shire, Burt Young, Carl Weathers
57,Leelee Sobieski, Diane Lane, Stellan Skarsgård, Bruce Dern
58,Kathleen Turner, Dennis Quaid, Fiona Shaw, Stanley Tucci
59,Tami Erin, David Seaman, Cory Crow, Eileen Brennan
60,Joshua Jackson, Paul Walker, Hill Harper, Leslie Bibb
61,Tommy Lee Jones, Will Smith, Rip Torn, Lara Flynn Boyle
62,Don Ameche, Wilford Brimley, Hume Cronyn, Brian Dennehy
63,Lorraine Gary, Lance Guest, Mario Van Peebles, Karen Young
64,Pat Morita, Hilary Swank, Michael Ironside, Constance Towers
65,Hugh Grant, Julianne Moore, Tom Arnold, Joan Cusack
66,Matthew Broderick, Rupert Everett, Joely Fisher, Michelle Trachtenberg
67,Michael Jai White, John Leguizamo, Martin Sheen, Theresa Randle
68,Christian Bale, Matthew McConaughey, Izabella Scorupco, Gerard Butler
69,Helen Hunt, Bill Paxton, Cary Elwes, Jami Gertz
70,David Heavener, Rachelle Carson, Steve DeVorkin, Danielle Brisebois
72,Gerard Butler, Christopher Plummer, Jonny Lee Miller, Justine Waddell
74,Rita Wilson, Victor Garber, Tushka Bergen, Mae Whitman
75,Halle Berry, Bruce Willis, Giovanni Ribisi, Richard Portnow
76,John Stamos, Vanity, Gene Simmons, George Lazenby
77,Bob Hoskins, Denzel Washington, Chloe Webb, Roger E. Mosley
78,Gary Busey, Everett McGill, Corey Haim, Megan Follows
79,Karen Allen, Chris Mulkey, Ted Marcoux, Wil Horneff
80,Michael Felsher, Tiffany Helm, Harry Manfredini, Tom Morga
81,John Kassir, Dennis Miller, Erika Eleniak, Angie Everhart
82,Kim Basinger, Jimmy Smits, Holliston Coleman, Rufus Sewell
83,Jim Belushi, Christine Tucci, James Handy, Wade Williams
84,Pierce Brosnan, Halle Berry, Toby Stephens, Rosamund Pike
85,Joshua Leonard, Jordan Ladd, Natasha Lyonne, Lance Henriksen
86,Patrick Stewart, Jonathan Frakes, Brent Spiner, LeVar Burton
87,Harrison Ford, Cate Blanchett, Karen Allen, Shia LaBeouf
88,Adam Sandler, Jackie Sandler, Austin Stout, Kevin Nealon
89,Mimi Rogers, Darwyn Carson, Patrick Bauchau, Marvin Elkins
90,Mary Steenburgen, Gary Basaraba, Harry Dean Stanton, Arthur Hill
91,Cleopatra Coleman, Ryan Guzman, Misha Gabriel Hamilton, Michael 'Xeno' Langebeck
92,John Cusack, Luke Evans, Alice Eve, Brendan Gleeson
93,Tyler Perry, Edward Burns, Matthew Fox, Jean Reno
94,Larry the Cable Guy, David Mackey, Erin Beute, John Connon
95,Reese Witherspoon, Chris Pine, Tom Hardy, Til Schweiger
96,Steven Seagal, Michael Caine, Joan Chen, John C. McGinley
97,James Spader, Kim Richards, Paul Mones, Matt Clark
98,Paul Gross, Peter Berg, Finola Hughes, Teri Polo
99,Emilio Estevez, Mick Jagger, Rene Russo, Anthony Hopkins
100,Jim Belushi, Charles Grodin, Anne De Salvo, Loryn Locklin
101,David Schwimmer, Gwyneth Paltrow, Michael Rapaport, Toni Collette
102,Val Kilmer, Tommy Lee Jones, Jim Carrey, Nicole Kidman
104,Nastassja Kinski, Malcolm McDowell, John Heard, Annette O'Toole
105,Meg Ryan, Matthew Broderick, Kelly Preston, Tchéky Karyo
106,Denzel Washington, Kelly Lynch, Russell Crowe, Stephen Spinella
107,Joe Don Baker, Elizabeth Hartman, Leif Garrett, Dawn Lyn
108,David Hyde Pierce, Mackenzie Astin, Carmen Electra, Markus Redmond
109,Sean Patrick Flanery, Norman Reedus, Billy Connolly, Clifton Collins Jr.
110, Sci-Fi,Charlie Sheen, Hilary Duff, Eva Longoria
111,Sinbad, Phil Hartman, Kim Greist, Kim Murphy
112,Robert Davi, Robert Z'Dar, Caitlin Dulany, Gretchen Becker
113,Aaron Taylor-Johnson, CJ Adams, Ken Watanabe, Bryan Cranston
114,Shaquille O'Neal, Annabeth Gish, Judd Nelson, Richard Roundtree
115,Martin Lawrence, Will Smith, Jordi Mollà, Gabrielle Union
117,Samuel L. Jackson, Colin Farrell, Michelle Rodriguez, LL Cool J
118,Arnold Schwarzenegger, Maria Conchita Alonso, Yaphet Kotto, Jim Brown
119,Tommy Lee Jones, Anne Heche, Gaby Hoffmann, Don Cheadle
120,Freddie Prinze Jr., Rachael Leigh Cook, Matthew Lillard, Paul Walker
121,Adam Sandler, Kevin James, Chris Rock, David Spade
122,Mark Dacascos, Stacey Travis, Geoffrey Lewis, Paco Christian Prieto
123,Sylvester Stallone, John Lithgow, Michael Rooker, Janine Turner
124,Jeff Davis, Heather Langenkamp, Miko Hughes, Matt Winston
125,Jeff Fahey, Lindsay Duncan, Kim Delaney, Zakes Mokae
126,Drew Barrymore, James Woods, Alan King, Kenneth McMillan
127,Kelli Maroney, Tony O'Dell, Russell Todd, Karrie Emerson
128,Chauncey Leopardi, Spencer Vrooman, Malachi Pearson, Cathy Moriarty
129,Liev Schreiber, Beth Toussaint, Roger Jackson, Kelly Rutherford
130,John Ritter, Pam Dawber, Jeffrey Jones, David Tom
131,Thomas Jane, Saffron Burrows, Samuel L. Jackson, Jacqueline McKenzie
132,Cynthia Rothrock, Richard Norton, Keith Cooke, Doug Wright
133,Sigourney Weaver, Holly Hunter, Dermot Mulroney, William McNamara
134,Michael E. Knight, Phoebe Cates, Emmanuelle Béart, David Dukes
135,Bill Murray, Dan Aykroyd, Sigourney Weaver, Harold Ramis
136,Macaulay Culkin, Elijah Wood, Wendy Crewson, David Morse
137,Arnold Schwarzenegger, Sinbad, Phil Hartman, Rita Wilson
138,Christopher Shyer, Ray Galletti, Eileen Pedde, Rekha Sharma
139,Jaden Smith, Will Smith, Sophie Okonedo, Zoë Kravitz
141,Ethan Hawke, Selena Gomez, Jon Voight, Rebecca Budig
142,Bruce Willis, Jai Courtney, Sebastian Koch, Mary Elizabeth Winstead
143,Shô Kosugi, James Booth, Donna Kei Benz, Norman Burton
144,Dolph Lundgren, Frank Langella, Meg Foster, Billy Barty
145,Chuck Pfarrer, Robert Apisa, Arnold Vosloo, Lance Henriksen
146,Robin Williams, Sally Field, Pierce Brosnan, Harvey Fierstein
147,Michael Caine, Joseph Bologna, Valerie Harper, Michelle Johnson
148,Griffin Miner, Marcia Gay Harden, Devon Gearhart, Julie Upton
149,Morgan Freeman, Thomas Jane, Jason Lee, Damian Lewis
150,John Stockwell, Danielle von Zerneck, Fisher Stevens, Raphael Sbarge
151,Elijah Wood, Jason Alexander, Julia Louis-Dreyfus, Marc Shaiman
152,Joe Don Baker, Leif Green, Jim Greenleaf, Scott McGinnis
153,Ralph Macchio, Pat Morita, Robyn Lively, Thomas Ian Griffith
154,Josh Brolin, George Clooney, Alden Ehrenreich, Ralph Fiennes
155,Clint Eastwood, Sondra Locke, Geoffrey Lewis, Beverly D'Angelo
156,Ashton Kutcher, Melora Walters, Amy Smart, Elden Henson
157,Jesse Ventura, Sven-Ole Thorsen, Damian Lee, Jerry Levitan
158,David Naughton, Patrick Houser, Tracy Smith, John Patrick Reger
159,Leigh McCloskey, Dick Butkus, Randi Brooks, Chuck McCann
160,Hank Azaria, Janeane Garofalo, William H. Macy, Kel Mitchell
161,Christopher Lambert, Robin Shou, Linden Ashby, Cary-Hiroyuki Tagawa
162,John Travolta, Hugh Jackman, Halle Berry, Don Cheadle
163,Halle Berry, Benjamin Bratt, Sharon Stone, Lambert Wilson
164,Burt Reynolds, Ned Beatty, Jim Nabors, Parker Stevenson
165,Andy Serkis, Karin Konoval, Terry Notary, Richard Ridings
166,Dennis Quaid, Jake Gyllenhaal, Emmy Rossum, Dash Mihok
167,Steven Seagal, Eric Bogosian, Everett McGill, Katherine Heigl
169,Tom Berenger, Raymond Cruz, William Forsythe, Luis Guzmán
170,Jean-Claude Van Damme, Mia Sara, Ron Silver, Bruce McGill
171,Johnny Depp, John Turturro, Maria Bello, Timothy Hutton
172,Robert Patrick, Mark Dacascos, Scott Wolf, Kristina Wagner
174,John D. LeMay, Kari Keegan, Kane Hodder, Steven Williams
175,Jennifer Love Hewitt, Freddie Prinze Jr., Brandy Norwood, Mekhi Phifer
176,Justin Whalin, Perrey Reeves, Jeremy Sylvers, Travis Fine
177,Shelley Winters, Christopher Jones, Diane Varsi, Hal Holbrook
178,Keanu Reeves, Dina Meyer, Ice-T, Takeshi Kitano
179,Annabella Sciorra, Rebecca De Mornay, Matt McCoy, Ernie Hudson
180,Tim Matheson, Jennifer Jason Leigh, William Atherton, Hoyt Axton
181,Jonathan Biggins, Drew Forsythe, Phillip Scott,N/A
182,Larry the Cable Guy, Brian Stepanek, Anthony Carelli, Kennedi Clements
183,Bob Hoskins, John Leguizamo, Dennis Hopper, Samantha Mathis
184,John Travolta, Kirstie Alley, David Gallagher, Tabitha Lupien
185,Aaron Eckhart, Yvonne Strahovski, Miranda Otto, Bill Nighy
186,Colin Farrell, Matt Bomer, Lucy Griffiths, Michael Crane
187,Luke Evans, Sarah Gadon, Dominic Cooper, Art Parkinson
188,Arnold Schwarzenegger, Sam Worthington, Joe Manganiello, Josh Holloway
189,Angelina Jolie, Ethan Hawke, Kiefer Sutherland, Gena Rowlands
190,Patricia Arquette, Gabriel Byrne, Jonathan Pryce, Nia Long
191,Jeff Bridges, Ben Barnes, Julianne Moore, Alicia Vikander
192,Michael Keaton, Chandra West, Deborah Kara Unger, Ian McNeice
193,Jason Bateman, Kim Darby, John Astin, Paul Sand
194,Whoopi Goldberg, Sam Elliott, Rubén Blades, Harris Yulin
195,Walter Koenig, Bruce Campbell, Leigh Lombardi, Robert Kurcz
196,Ashley Judd, Samuel L. Jackson, Andy Garcia, David Strathairn
197,Patrick Swayze, Liam Neeson, Adam Baldwin, Helen Hunt
198,Demi Moore, Alec Baldwin, Joseph Gordon-Levitt, James Gandolfini
200,Arnold Schwarzenegger, Jim Belushi, Peter Boyle, Ed O'Ross
201,Patrick Dempsey, Kate Jackson, Robert Ginty, Nancy Valen
202,Robyn Lively, Dan Gauthier, Joshua John Miller, Caren Kaye
203,Kyle Howard, Herbert Russell, Jamie Lee Curtis, Kevin Pollak
204,Rutger Hauer, Terry O'Quinn, Brandon Call, Noble Willingham
205, Sport,Michael Jordan, Wayne Knight, Theresa Randle
206,Jeff Goldblum, Julianne Moore, Pete Postlethwaite, Arliss Howard
207,Josh Lucas, Jessica Biel, Jamie Foxx, Sam Shepard
208,John Putch, Peter Scolari, Romy Windsor, Jonathan Jackson
209,Jamie Kennedy, Alan Cumming, Liam Falconer, Ryan Falconer
210,Arnold Schwarzenegger, Nick Stahl, Claire Danes, Kristanna Loken
211,Dennis Quaid, David Thewlis, Pete Postlethwaite, Dina Meyer
212,Mary Alice, Tanveer K. Atwal, Helmut Bakaitis, Kate Beahan
213,Sean Connery, Naseeruddin Shah, Peta Wilson, Tony Curran
214,Ryan Reynolds, Blake Lively, Peter Sarsgaard, Mark Strong
215,Robin Shou, Talisa Soto, James Remar, Sandra Hess
216,Jeremy Sumpter, Lyndsy Fonseca, John Robinson, Jake Scott
217,Clint Eastwood, Patricia Clarkson, Liam Neeson, Evan C. Kim
218,Keanu Reeves, Al Pacino, Charlize Theron, Jeffrey Jones
219,Edward Furlong, Frank Langella, T. Ryder Smith, Amy Hargreaves
220,Marcia Karr, David Campbell, Fritz Matthews, Ted Prior
221,Robert Englund, Ken Kirzinger, Monica Keena, Jason Ritter
222,Robert John Burke, Lucinda Jenney, Bethany Joy Lenz, Time Winters
223,Sean Connery, Klaus Maria Brandauer, Max von Sydow, Barbara Carrera
224,Melissa Benoist, Mehcad Brooks, Chyler Leigh, David Harewood
225,Andrew McCarthy, Jonathan Silverman, Catherine Mary Stewart, Terry Kiser
226,Andrew McCarthy, Jonathan Silverman, Terry Kiser, Troy Byer
227,Hadley Kay, Chris Wiggins, Cree Summer, Alyson Court
228,Uma Thurman, Lucy Liu, Vivica A. Fox, Daryl Hannah
229,Ewan McGregor, Natalie Portman, Hayden Christensen, Christopher Lee
230,Dudley Moore, John Lithgow, David Huddleston, Burgess Meredith
231,Kevin Connolly, Adrian Grenier, Kevin Dillon, Jerry Ferrara
232,Sean Giambrone, David Milchard, Steve Richmond, Jesse Reid
233,Adam Sandler, Kevin James, Michelle Monaghan, Peter Dinklage
234,Vin Diesel, Rose Leslie, Elijah Wood, Ólafur Darri Ólafsson
235,Reese Madigan, Trent Bushey, Daniel Dae Kim, Billy Chang
236,Charlie Cox, Deborah Ann Woll, Elden Henson, Vincent D'Onofrio
237,James Spader, Marisa Tomei, Keanu Reeves, Ernie Hudson
238,Gerard Butler, Aaron Eckhart, Finley Jacobsen, Dylan McDermott
239,Alec Baldwin, John Lone, Penelope Ann Miller, Peter Boyle
240,Bret Michaels, Martin Sheen, Kristi Gibson, Simon Elsworth
241,Nicolas De Toth, Sarah Buxton, Rawley Valverde, Lance LeGault
242,Ryan Phillippe, Rachael Leigh Cook, Claire Forlani, Tim Robbins
243,Ben Affleck, Henry Cavill, Amy Adams, Jesse Eisenberg
244,Jeremy Irons, Bruce Payne, Justin Whalin, Marlon Wayans
245,Julia Roberts, Dermot Mulroney, Cameron Diaz, Rupert Everett
246,Judy Garland, Frank Morgan, Ray Bolger, Bert Lahr
247,Larry the Cable Guy, David Koechner, Michael Papajohn, Phyllis Alexion
248,Kevin Costner, Chaim Jeraffi, Rick Aviles, R.D. Call
249,Hugh Grant, Dennis Quaid, Mandy Moore, Willem Dafoe
250,Christopher Lambert, Sean Connery, Virginia Madsen, Michael Ironside
251,Dolph Lundgren, Darla Taylor, Bill Bellamy, Aleks Paunovic
252,Hugh Jackman, Halle Berry, Ian McKellen, Patrick Stewart
253,Sandra Bullock, Jason Patric, Willem Dafoe, Temuera Morrison
254,Christina Applegate, Joanna Cassidy, John Getz, Josh Charles
255,Jean-Claude Van Damme, Raul Julia, Ming-Na Wen, Damian Chapa
256,Eddie Murphy, Nick Nolte, Brion James, Kevin Tighe
257,Will Smith, Kevin Kline, Kenneth Branagh, Salma Hayek
258,Paul Giamatti, Bryce Dallas Howard, Jeffrey Wright, Bob Balaban
259,William Shatner, Leonard Nimoy, DeForest Kelley, James Doohan
260,Colm Meaney, Mykelti Williamson, Nick Chinlund, Renoly Santiago
261,Kevin Peter Hall, Danny Glover, Gary Busey, Rubén Blades
262,Mila Kunis, Channing Tatum, Sean Bean, Eddie Redmayne
263,Elias Koteas, Paige Turco, Stuart Wilson, Sab Shimono
264,Andrew Garfield, Emma Stone, Jamie Foxx, Dane DeHaan
265,Owen Stadele, Edoardo Ballerini, Christopher Cousins, Chuck Jeffreys
266,Jennifer Lopez, Ice Cube, Jon Voight, Eric Stoltz
267,Elisabeth Shue, Kevin Bacon, Josh Brolin, Kim Dickens
268,Edward Furlong, Anthony Edwards, Clancy Brown, Jared Rushton
269,Donald Pleasence, Paul Rudd, Marianne Hagan, Mitchell Ryan
270,Jim Varney, Eartha Kitt, Austin Nagler, Shay Astar
271,Renée Zellweger, Matthew McConaughey, Robert Jacks, Tonie Perensky
272,Bo Derek, Anthony Quinn, Don Murray, Julie Newmar
274,Ioan Gruffudd, Jessica Alba, Chris Evans, Michael Chiklis
275,Mark Wahlberg, Zooey Deschanel, John Leguizamo, Ashlyn Sanchez
276,Hulk Hogan, Christopher Lloyd, Shelley Duvall, Larry Miller
277,Ice-T, Rutger Hauer, Charles S. Dutton, Gary Busey
278,Arnold Schwarzenegger, Gabriel Byrne, Robin Tunney, Kevin Pollak
279,Sylvester Stallone, Wesley Snipes, Sandra Bullock, Nigel Hawthorne
280,Tim Allen, Elizabeth Mitchell, Eric Lloyd, Judge Reinhold
281,Christian Bale, Michael Caine, Liam Neeson, Katie Holmes
282,Will Smith, Edward Norton, Kate Winslet, Michael Peña
283,Robert De Niro, Zac Efron, Zoey Deutch, Aubrey Plaza
284,Will Smith, Jaime FitzSimons, Ike Barinholtz, Margot Robbie
285,Brenton Thwaites, John Samaha, Courtney Eaton, Nikolaj Coster-Waldau
286,Liam Hemsworth, Jeff Goldblum, Jessie T. Usher, Bill Pullman
287,Jerry Seinfeld, Renée Zellweger, Matthew Broderick, Patrick Warburton
288,Gérard Depardieu, Katherine Heigl, Dalton James, Lauren Hutton
289,Jim Belushi, Kylie Travis, Shannon Whirry, Frank Whaley
290,Sylvester Stallone, Kurt Russell, Teri Hatcher, Jack Palance
291,Dee Bradley Baker, Zach Tyler, Mae Whitman, Jack De Sena
293,Milla Jovovich, Cameron Bright, Nick Chinlund, Sebastien Andrieu
294,William Shewfelt, Nico Greetham, Zoë Robins, Peter Adrian Sudarso
295,Goldie Hawn, Kurt Russell, Edward Herrmann, Katherine Helmond
296,Beau Bridges, Jonathan Brandis, Mako, Julia Nickson
297,Lea Thompson, Jeffrey Jones, Tim Robbins, Ed Gale
298,Bobcat Goldthwait, Dabney Coleman, John Candy, Virginia Madsen
299,Charles Bronson, Deborah Raffin, Ed Lauter, Martin Balsam
300,Gerard Butler, Lena Headey, Dominic West, David Wenham
301,Sanaa Lathan, Raoul Bova, Lance Henriksen, Ewen Bremner
302,Shô Kosugi, Lucinda Dickey, Jordan Bennett, David Chung
303,Michael Douglas, Demi Moore, Donald Sutherland, Caroline Goodall
304,Shia LaBeouf, Megan Fox, Josh Duhamel, Tyrese Gibson
305,Shia LaBeouf, Megan Fox, Josh Duhamel, Tyrese Gibson
306,Shia LaBeouf, Rosie Huntington-Whiteley, Josh Duhamel, John Turturro
308,Mark Wahlberg, Stanley Tucci, Kelsey Grammer, Nicola Peltz
309,Sean Astin, Brendan Fraser, Pauly Shore, Megan Ward
310,Mark Wahlberg, Anthony Hopkins, Josh Duhamel, Laura Haddock
311,Harrison Ford, Gary Oldman, Glenn Close, Wendy Crewson
312,Tobey Maguire, Kirsten Dunst, James Franco, Thomas Haden Church
314,Sylvester Stallone, Robert Loggia, Susan Blakely, Rick Zumwalt
315,Christine Ebersole, Jonathan Ward, Tina Caspary, Lauren Stanley
316,Harry Anderson, Dennis Christopher, Richard Masur, Annette O'Toole
317,Richard Grieco, Roger Rees, Linda Hunt, Robin Bartlett
318,Robert Z'Dar, Mathew Karedas, Janis Farley, Mark Frazer
319,Robert Englund, Lisa Zane, Shon Greenblatt, Lezlie Deane
320,Larry Drake, Holly Marie Combs, Cliff De Young, Glenn Quinn
321,Jada Pinkett Smith, Omar Epps, Paulette Patterson, Rasila Schroeder
322,Leigh Whannell, Cary Elwes, Danny Glover, Ken Leung
323,Marc Price, Tony Fields, Lisa Orgolini, Doug Savant
324,Sean Connery, Wesley Snipes, Harvey Keitel, Cary-Hiroyuki Tagawa
325,Robert De Niro, Wesley Snipes, Ellen Barkin, John Leguizamo
326,Wesley Snipes, Diane Lane, Daniel Benzali, Dennis Miller
327,Wesley Snipes, Gary Busey, Yancy Butler, Michael Jeter
328,A. Russell Andrews, Omar Avila, James Carpinello, Mark Collie
329,Steven Seagal, Kelly LeBrock, William Sadler, Frederick Coffin
330,Michael Shannon, Judy Greer, Ron Perlman, Christina Hendricks
331,Keanu Reeves, Rachel Weisz, Shia LaBeouf, Djimon Hounsou
332,Alec Baldwin, Steve Buscemi, Jimmy Kimmel, Lisa Kudrow
333,Will Smith, Joel Edgerton, Noomi Rapace, Edgar Ramírez
334,Vin Diesel, Jason Statham, Dwayne Johnson, Michelle Rodriguez
335,Douglas Smith, Lucien Laviscount, Cressida Bonas, Doug Jones
336,Gerard Butler, Jim Sturgess, Abbie Cornish, Alexandra Maria Lara
337,Michael Caine, Alan Arkin, Ann-Margret, Matt Dillon
338,Wesley Snipes, Kris Kristofferson, Dominic Purcell, Jessica Biel
339,Henry Cavill, Amy Adams, Michael Shannon, Diane Lane
340,Tom Hanks, Meg Ryan, Greg Kinnear, Parker Posey
341,Jim Belushi, Lorraine Bracco, Tony Goldwyn, William Russ
342,Charles Bronson, Lesley-Anne Down, Michael Parks, Chuck Shamata
343,John G. Brennan, Kamal Ahmed, Alan Arkin, William Hickey
344,Nicolas Cage, Violante Placido, Ciarán Hinds, Idris Elba
345,Emilio Estevez, Pat Hingle, Laura Harrington, Yeardley Smith
346,Brooke Nevin, David Paetkau, Torrey DeVitto, Ben Easter
347,Johnny Weissmuller, Neil Hamilton, C. Aubrey Smith, Maureen O'Sullivan
348,Bonnie Aarons, Lindsay Lohan, Michael Adler, Julia Ormond
349,Mike Myers, Eddie Murphy, Cameron Diaz, John Lithgow
350,Tim Allen, John Travolta, Martin Lawrence, William H. Macy
351,Tim Allen, Martin Short, JoBeth Williams, Lolita Davidovich
352,William Hurt, Mimi Rogers, Heather Graham, Lacey Chabert
353,Shane McDermott, Seth Green, Brittney Powell, Chris Conrad
354,Jack Nicholson, Morgan Freeman, Sean Hayes, Beverly Todd
355,Tim Thomerson, Jackie Earle Haley, Kamala Lopez, Humberto Ortiz
356,Johnny Depp, Rebecca Hall, Paul Bettany, Cillian Murphy
357,David Duchovny, Gillian Anderson, Amanda Peet, Billy Connolly
358,Larry the Cable Guy, Richard Bull, J. David Moeller, Will Clinger
359,Hugh Jackman, Liev Schreiber, Danny Huston, Will.i.am
360,Brad Pitt, Catherine Zeta-Jones, George Clooney, Ed Kross
361,Vin Diesel, Asia Argento, Marton Csokas, Samuel L. Jackson
362,Chris Pratt, Bryce Dallas Howard, Irrfan Khan, Vincent D'Onofrio
363,Sam Neill, William H. Macy, Téa Leoni, Alessandro Nivola
364,Mel Gibson, Danny Glover, Joe Pesci, Rene Russo
365,Sylvester Stallone, Richard Crenna, Marc de Jonge, Kurtwood Smith
366,Julia Roberts, Richard Gere, Joan Cusack, Hector Elizondo
367,Julia Roberts, Billy Crystal, Catherine Zeta-Jones, John Cusack
368,Arnold Schwarzenegger, James Caan, Vanessa Williams, James Coburn
369,Thomas Ian Nicholas, Gary Busey, Albert Hall, Amy Morton
370,Bruce Willis, Billy Bob Thornton, Ben Affleck, Liv Tyler
371,T.J. Miller, James Corden, Anna Faris, Maya Rudolph
372,Kane Hodder, Jeff Geddis, Lexa Doig, David Cronenberg
373,Todd Caldecott, Tiffany Paulsen, Tim Mirkovich, Kane Hodder
374,Lori Petty, Ice-T, Naomi Watts, Don Harvey
375,Sylvester Stallone, Brigitte Nielsen, Reni Santoni, Andrew Robinson
376,John Goodman, Elizabeth Perkins, Rick Moranis, Rosie O'Donnell
377,Tye Sheridan, Olivia Cooke, Ben Mendelsohn, Lena Waithe
378,Zach Galifianakis, Kristen Wiig, Owen Wilson, Ross Kimball
379,Steven Pasquale, Reiko Aylesworth, John Ortiz, Johnny Lewis
380,Nicole Kidman, Matthew Broderick, Bette Midler, Glenn Close
381,Kevin Bernhardt, Lawrence Mortorff, Terry Farrell, Ken Carpenter
382,Ally Sheedy, Lance Henriksen, Robert Costanzo, Fredric Lehne
383,Jamie Lee Curtis, Brad Loree, Busta Rhymes, Bianca Kajlich
384,Hugh Jackman, Kate Beckinsale, Richard Roxburgh, David Wenham
385,Jared Leto, Alicia Witt, Rebecca Gayheart, Michael Rosenbaum
386,Tammy Lauren, Andrew Divoff, Robert Englund, Chris Lemmon
387,Mike Myers, Alec Baldwin, Kelly Preston, Dakota Fanning
388,Jim Carrey, Taylor Momsen, Kelley, Jeffrey Tambor
389,Jet Li, Carla Gugino, Delroy Lindo, Jason Statham
390,Kevin Costner, Morgan Freeman, Mary Elizabeth Mastrantonio, Christian Slater
391,Rene Auberjonois, Jeannie Elias, Pat Fraley, Martin Jarvis
392,Arnold Schwarzenegger, Linda Hamilton, Edward Furlong, Robert Patrick
393,Mark Hamill, Harrison Ford, Carrie Fisher, Peter Cushing
394,Michael J. Fox, Christopher Lloyd, Lea Thompson, Crispin Glover
395,James Stewart, Donna Reed, Lionel Barrymore, Thomas Mitchell
