The Pilot / Wired,,Episode 001,001
Number One with a Bullet,,Episode 002,002
The Pack,,Episode 003,003
Congo,,Episode 004,004
Psychomania,,Episode 005,005
The Hand,,Episode 006,006
K-9,,Episode 007,007
The Wrong Guys,,Episode 008,008
Dead Heat,,Episode 009,009
Evilspeak,,Episode 010,010
Gone Fishin',,Episode 011,011
The Net,,Episode 012,012
Superman III & IV Part One,,Episode 013,013
Superman III & IV Part Two,,Episode 014,014
Boys and Girls,,Episode 015,015
Fuzz,,Episode 016,016
Deep Impact,,Episode 017,017
Captain America,1990,Episode 018,018
The Best of the Worst of Summer 2011,2011,Episode 019,019
Deadlock,,Episode 020,020
The Principal,,Episode 021,021
18 Again!,,Episode 022,022
A Shock to the System,,Episode 023,023
The Ewok Adventure,,Episode 024,024
I Come in Peace,,Episode 025,025
Visiting Hours,,Episode 026,026
Wolf,,Episode 027,027
976-EVIL,,Episode 028,028
The Haunting,,Episode 029,029
Babycakes,,Episode 030,030
Judge Dredd,,Episode 031,031
"No Retreat, No Surrender",,Episode 032,032
Ewoks: The Battle for Endor,,Episode 033,033
Poison Ivy,,Episode 034,034
Wired: The Return,,Episode 035,035
The Conqueror,,Episode 036,036
Jack Frost,1998,Episode 037,037
Money Train,,Episode 038,038
The Adventures of Ford Fairlane,,Episode 039,039
Hider in the House,,Episode 040,040
Halloween III: Season of the Witch,,Episode 041,041
Zandalee,,Episode 042,042
Vampire in Brooklyn,,Episode 043,043
Star Wars Episode 1: The Phantom Menace,,Episode 044,044
Deadly Friend,,Episode 045,045
Nukie,,Episode 046,046
Cop and a Half,,Episode 047,047
Off Beat,,Episode 048,048
Hackers,,Episode 049,049
No Holds Barred,,Episode 050,050
Senseless,,Episode 051,051
Mr. Destiny,,Episode 052,052
Free Enterprise,,Episode 053,053
Gymkata,,Episode 054,054
Rocky IV,,Episode 055,055
The Philadelphia Experiment II,,Episode 056,056
The Glass House,,Episode 057,057
Undercover Blues,,Episode 058,058
The New Adventures of Pippi Longstocking,,Episode 059,059
The Skulls,,Episode 060,060
Men in Black II,,Episode 061,061
Cocoon,,Episode 062,062
Jaws: The Revenge,,Episode 063,063
The Next Karate Kid,,Episode 064,064
Nine Months,,Episode 065,065
Inspector Gadget,,Episode 066,066
Spawn,,Episode 067,067
Reign of Fire,,Episode 068,068
Twister,,Episode 069,069
Kill Crazy,,Episode 070,070
Mo' Money,,Episode 071,071
Dracula 2000,,Episode 072,072
Rock 'n' Roll High School Forever,,Episode 073,073
Invisible Child,,Episode 074,074
Perfect Stranger,,Episode 075,075
Never Too Young to Die,,Episode 076,076
Heart Condition,,Episode 077,077
Silver Bullet,,Episode 078,078
Ghost in the Machine,,Episode 079,079
Friday the 13th - Part V: A New Beginning,,Episode 080,080
Bordello of Blood,,Episode 081,081
Bless the Child,,Episode 082,082
K-911,,Episode 083,083
Die Another Day,,Episode 084,084
Madhouse,,Episode 085,085
Star Trek: Insurrection,,Episode 086,086
Indiana Jones and the Kingdom of the Crystal Skull,,Episode 087,087
Eight Crazy Nights,,Episode 088,088
The Rapture,,Episode 089,089
One Magic Christmas,,Episode 090,090
Step Up Revolution,,Episode 091,091
The Raven,,Episode 092,092
Alex Cross,,Episode 093,093
Tooth Fairy 2,,Episode 094,094
This Means War,,Episode 095,095
On Deadly Ground,,Episode 096,096
Tuff Turf,,Episode 097,097
Aspen Extreme,,Episode 098,098
Freejack,,Episode 099,099
Taking Care of Business,,Episode 100,100
The Pallbearer,,Episode 101,101
Batman Forever,,Episode 102,102
Best of the Best 2,,Episode 103,103
Cat People,1982,Episode 104,104
Addicted to Love,,Episode 105,105
Virtuosity,,Episode 106,106
Walking Tall,1973,Episode 107,107
The Mating Habits of the Earthbound Human,,Episode 108,108
The Boondock Saints II: All Saints Day,,Episode 109,109
Foodfight!,,Episode 110,110
Houseguest,,Episode 111,111
Maniac Cop 3: Badge of Silence,,Episode 112,112
Godzilla,,Episode 113,113
Steel,,Episode 114,114
Bad Boys II,,Episode 115,115
Jaws 3D,,Episode 116,116
S.W.A.T.,,Episode 117,117
The Running Man,,Episode 118,118
Volcano,,Episode 119,119
She's All That,,Episode 120,120
Grown Ups 2,,Episode 121,121
Only the Strong,,Episode 122,122
Cliffhanger,,Episode 123,123
New Nightmare,,Episode 124,124
Body Parts,,Episode 125,125
Cat's Eye,,Episode 126,126
Chopping Mall,,Episode 127,127
Casper,,Episode 128,128
Scream 3,,Episode 129,129
Stay Tuned,,Episode 130,130
Deep Blue Sea,,Episode 131,131
China O'Brien,,Episode 132,132
Copycat,,Episode 133,133
Date with an Angel,,Episode 134,134
Ghostbusters II,,Episode 135,135
The Good Son,,Episode 136,136
Jingle All the Way,,Episode 137,137
The Core,,Episode 138,138
After Earth,,Episode 139,139
Easy Rider: The Ride Back,,Episode 140,140
Getaway,,Episode 141,141
A Good Day to Die Hard,,Episode 142,142
Pray for Death,,Episode 143,143
Masters of the Universe,,Episode 144,144
Hard Target,,Episode 145,145
Mrs. Doubtfire,,Episode 146,146
Blame it on Rio,,Episode 147,147
Canvas,,Episode 148,148
Dreamcatcher,,Episode 149,149
My Science Project,,Episode 150,150
North,,Episode 151,151
Joysticks,,Episode 152,152
"The Karate Kid, Part III",,Episode 153,153
Hail Caesar,,Episode 154,154
Every Which Way But Loose,,Episode 155,155
The Butterfly Effect,,Episode 156,156
"Abraxas, Guardian of the Universe",,Episode 157,157
Hot Dog The Movie,,Episode 158,158
Hamburger: The Motion Picture,,Episode 159,159
Mystery Men,,Episode 160,160
Mortal Kombat,,Episode 161,161
Swordfish,,Episode 162,162
Catwoman,,Episode 163,163
Stroker Ace,,Episode 164,164
Planet of the Apes,,Episode 165,165
The Day After Tomorrow,,Episode 166,166
Under Siege 2: Dark Territory,,Episode 167,167
TMNT II: The Secret of the Ooze,,Episode 168,168
The Substitute,,Episode 169,169
Timecop,,Episode 170,170
Secret Window,,Episode 171,171
Double Dragon,,Episode 172,172
C.H.U.D. II: Bud the C.H.U.D.,,Episode 173,173
Jason Goes to Hell: The Final Friday,,Episode 174,174
I Still Know What You Did Last Summer,,Episode 175,175
Child's Play 3,,Episode 176,176
Wild in the Streets,,Episode 177,177
Johnny Mnemonic,,Episode 178,178
The Hand That Rocks the Cradle,,Episode 179,179
Buried Alive,,Episode 180,180
Three Men and a Baby,,Episode 181,181
Jingle All the Way 2,,Episode 182,182
Super Mario Bros.,,Episode 183,183
Look Who's Talking Now,,Episode 184,184
"I, Frankenstein",,Episode 185,185
Winter's Tale,,Episode 186,186
Dracula Untold,,Episode 187,187
Sabotage,,Episode 188,188
Taking Lives,,Episode 189,189
Stigmata,,Episode 190,190
Seventh Son,,Episode 191,191
White Noise,,Episode 192,192
Teen Wolf Too,,Episode 193,193
Fatal Beauty,,Episode 194,194
Moontrap,,Episode 195,195
Twisted,,Episode 196,196
Next of Kin,,Episode 197,197
The Juror,,Episode 198,198
Face/Off,,Episode 199,199
Red Heat,,Episode 200,200
Loverboy,,Episode 201,201
Teen Witch,,Episode 202,202
House Arrest,,Episode 203,203
Blind Fury,,Episode 204,204
Space Jam,,Episode 205,205
The Lost World: Jurassic Park,,Episode 206,206
Stealth,,Episode 207,207
Camp Nowhere,,Episode 208,208
Son of the Mask,,Episode 209,209
Terminator 3: Rise of the Machines,,Episode 210,210
Dragonheart,,Episode 211,211
The Matrix Revolutions,,Episode 212,212
The League of Extraordinary Gentlemen,,Episode 213,213
Green Lantern,,Episode 214,214
Mortal Kombat: Annihilation,,Episode 215,215
Cyber Seduction: His Secret Life,,Episode 216,216
The Dead Pool,,Episode 217,217
The Devil's Advocate,,Episode 218,218
Brainscan,,Episode 219,219
Killer Workout,,Episode 220,220
Freddy vs. Jason,,Episode 221,221
Thinner,,Episode 222,222
Never Say Never Again,,Episode 223,223
Supergirl,,Episode 224,224
Weekend at Bernie's,,Episode 225,225
Weekend at Bernie's II,,Episode 226,226
Care Bears Movie II: A New Generation,,Episode 227,227
Bill &  Ted's Bogus Journey,,Episode 228,228
Star Wars: Episode II - Attack of the Clones,,Episode 229,229
Santa Claus: The Movie,,Episode 230,230
Entourage,,Episode 231,231
Russell Madness,,Episode 232,232
Pixels,,Episode 233,233
The Last Witch Hunter,,Episode 234,234
American Shaolin,,Episode 235,235
Daredevil,,Episode 236,236
The Watcher,,Episode 237,237
Olympus Has Fallen,,Episode 238,238
The Shadow,,Episode 239,239
A Letter from Death Row,,Episode 240,240
Nightmare Beach,,Episode 241,241
Antitrust,,Episode 242,242
Batman v Superman: Dawn of Justice,,Episode 243,243
Dungeons & Dragons,,Episode 244,244
My Best Friend's Wedding,,Episode 245,245
The Wizard,,Episode 246,246
Larry the Cable Guy: Health Inspector,,Episode 247,247
Waterworld,,Episode 248,248
American Dreamz,,Episode 249,249
Highlander II: The Quickening,,Episode 250,250
Kindergarten Cop 2,,Episode 251,251
X-Men: The Last Stand,,Episode 252,252
Speed 2: Cruise Control,,Episode 253,253
Don't Tell Mom the Babysitter's Dead,,Episode 254,254
Street Fighter,,Episode 255,255
Another 48 Hrs.,,Episode 256,256
Wild Wild West,,Episode 257,257
Lady in the Water,,Episode 258,258
Star Trek V: The Final Frontier,,Episode 259,259
Con Air,,Episode 260,260
Predator 2,,Episode 261,261
Jupiter Ascending,,Episode 262,262
Teenage Mutant Ninja Turtles III,,Episode 263,263
The Amazing Spider-Man 2,,Episode 264,264
The Substitute 2: School's Out,,Episode 265,265
Anaconda,,Episode 266,266
Hollow Man,,Episode 267,267
Pet Sematary II,,Episode 268,268
Halloween: The Curse of Michael Myers,,Episode 269,269
Ernest Scared Stupid,,Episode 270,270
Texas Chainsaw Massacre: The Next Generation,,Episode 271,271
Ghosts Can't Do It,,Episode 272,272
Don't Tell Her It's Me,,Episode 273,273
Fantastic Four,2005,Episode 274,274
The Happening,,Episode 275,275
Suburban Commando,,Episode 276,276
Surviving the Game,,Episode 277,277
End of Days,,Episode 278,278
Demolition Man,,Episode 279,279
The Santa Clause 3: The Escape Clause,,Episode 280,280
Batman & Robin,,Episode 281,281
Collateral Beauty,,Episode 282,282
Dirty Grandpa,,Episode 283,283
Suicide Squad,,Episode 284,284
Gods of Egypt,,Episode 285,285
Independence Day: Resurgence,,Episode 286,286
Bee Movie,,Episode 287,287
My Father the Hero,,Episode 288,288
Retroactive,,Episode 289,289
Tango & Cash,,Episode 290,290
The Last Airbender,,Episode 291,291
Highlander III: The Final Dimension,,Episode 292,292
Ultraviolet,,Episode 293,293
Power Rangers ,2017,Episode 294,294
Overboard,,Episode 295,295
Sidekicks,,Episode 296,296
Howard The Duck,,Episode 297,297
Hot to Trot,,Episode 298,298
Death Wish 3,,Episode 299,299
300,,Episode 300,300
AVP: Alien vs Predator,,Episode 301,301
Ninja III: The Domination,,Episode 302,302
Disclosure,,Episode 303,303
Transformers,2007,Episode 304,304
Transformers: Revenge of the Fallen,,Episode 305,305
Transformers: Dark of the Moon,,Episode 306,306
Friday the 13th: Part 7 - The New Blood,,Episode 307,307
Transformers: Age of Extinction,,Episode 308,308
Encino Man,,Episode 309,309
Transformers: The Last Knight,,Episode 310,310
Air Force One,,Episode 311,311
Spider-Man 3,,Episode 312,312
Fantastic Four: Rise of the Silver Surfer,,Episode 313,313
Over the Top,,Episode 314,314
Mac & Me,,Episode 315,315
IT,1990,Episode 316,316
If Looks Could Kill,,Episode 317,317
Samurai Cop,,Episode 318,318
Freddy's Dead: The Final Nightmare,,Episode 319,319
Dr. Giggles,,Episode 320,320
Scream 2,,Episode 321,321
Saw,,Episode 322,322
Trick or Treat,,Episode 323,323
Rising Sun,,Episode 324,324
The Fan,,Episode 325,325
Murder at 1600,,Episode 326,326
Drop Zone,,Episode 327,327
The Punisher,2004,Episode 328,328
Hard to Kill,,Episode 329,329
Pottersville,,Episode 330,330
Constantine,,Episode 331,331
The Boss Baby,,Episode 332,332
Bright,,Episode 333,333
The Fate of the Furious,,Episode 334,334
The Bye Bye Man,,Episode 335,335
Geostorm,,Episode 336,336
Going In Style,,Episode 337,337
Blade: Trinity,,Episode 338,338
Man Of Steel,,Episode 339,339
You've Got Mail,,Episode 340,340
Traces of Red,,Episode 341,341
Death Wish V: The Face of Death,,Episode 342,342
The Jerky Boys,,Episode 343,343
Ghost Rider: Spirit of Vengeance,,Episode 344,344
Maximum Overdrive,,Episode 345,345
I'll Always Know What You Did Last Summer,,Episode 346,346
Tarzan the Ape Man,,Episode 347,347
I Know Who Killed Me,,Episode 348,348
Shrek,,Episode 349,349
Wild Hogs,,Episode 350,350
Jungle 2 Jungle,,Episode 351,351
Lost in Space,,Episode 352,352
Airborne,,Episode 353,353
The Bucket List,,Episode 354,354
Dollman,,Episode 355,355
Transcendence,,Episode 356,356
The X-Files: I Want To Believe,,Episode 357,357
Witless Protection,,Episode 358,358
X-Men Origins: Wolverine,,Episode 359,359
Ocean's Twelve,,Episode 360,360
xXx,,Episode 361,361
Jurassic World,,Episode 362,362
Jurassic Park III,,Episode 363,363
Lethal Weapon 4,,Episode 364,364
Rambo III,,Episode 365,365
Runaway Bride,,Episode 366,366
America's Sweethearts,,Episode 367,367
Eraser,,Episode 368,368
Rookie of the Year,,Episode 369,369
Armageddon,,Episode 370,370
The Emoji Movie,,Episode 371,371
Jason X,,Episode 372,372
Friday the 13th Part VIII: Jason Takes Manhattan,,Episode 373,373
Tank Girl,,Episode 374,374
Cobra,,Episode 375,375
The Flintstones,,Episode 376,376
Ready Player One,,Episode 377,377
Masterminds,,Episode 378,378
Aliens vs. Predator: Requiem,,Episode 379,379
The Stepford Wives,2004,Episode 380,380
Hellraiser III: Hell on Earth,,Episode 381,381
Man's Best Friend,,Episode 382,382
Halloween: Resurrection,,Episode 383,383
Van Helsing,,Episode 384,384
Urban Legend,,Episode 385,385
Wishmaster,,Episode 386,386
The Cat in the Hat,,Episode 387,387
How the Grinch Stole Christmas,,Episode 388,388
The One,,Episode 389,389
Robin Hood: Prince of Thieves,,Episode 390,390
Richie Rich,,Episode 391,391
Terminator 2: Judgment Day,,Episode 392,392
Star Wars,,Episode 393,393
Back To The Future,,Episode 394,394
It's A Wonderful Life,,Episode 395,395
