Title,Originally Posted,Content Year,movie_id,movie_counter,special_format
missing_episode 001 - The Pilot, Wired,2010-10-29,,,
Episode 002 - Number One with a Bullet,2010-12-07,1987,169832,2,
Episode 003 - The Pack,2010-12-20,1977,86239,3,
Episode 004 - Congo,2010-12-23,1995,10329,4,
Episode 005 - Psychomania,2011-01-19,1973,48350,5,
Episode 006 - The Hand,2011-02-03,1981,42149,6,
Episode 007 - K-9,2011-02-25,1989,10345,7,
WHM On-Screen - The Oscars 2011,2011-03-04,,,,
Episode 008 - The Wrong Guys,2011-03-11,1988,5678,8,
Episode 009 - Dead Heat,2011-03-18,1988,40095,9,
Episode 010 - Evilspeak,2011-04-01,1981,39868,10,
Episode 011 - Gone Fishin',2011-04-26,1997,9054,11,
Episode 012 - The Net,2011-04-29,1995,1642,12,
dup_episode 013 - Superman III & IV Part One,2011-05-10,1983,,,
dup_episode 014 - Superman III & IV Part Two,2011-05-24,1987,,,
Episode 015 - Boys and Girls,2011-06-07,2000,10571,13,
A Side Order of Sleaze 001 - Young Cycle Girls,2011-06-14,1978,,,
Episode 016 - Fuzz,2011-06-21,1972,4986,14,
Episode 017 - Deep Impact,2011-07-05,1998,8656,15,
Episode 018 - Captain America (1990),2011-07-19,1990,13995,16,
not_an_episode 019 - The Best of the Worst of Summer 2011,2011-08-02,2011,,,
A Side Order of Sleaze 002 - Night of the Demon,2011-08-09,1980,,,
Episode 020 - Deadlock,2011-08-16,1970,79830,17,
WHM Deleted Scene - The Hangover Part II,2011-08-19,2011,,,
Episode 021 - The Principal,2011-08-30,1987,10081,18,
Episode 022 - 18 Again!,2011-09-06,1988,38965,19,
WHM Interview - Stephen Tobolowsky,2011-09-09,,,,
Episode 023 - A Shock to the System,2011-09-13,1990,20876,20,
Episode 024 - The Ewok Adventure,2011-09-20,1984,1884,21,
Episode 025 - I Come in Peace,2011-09-27,1990,19384,22,
Episode 026 - Visiting Hours,2011-10-04,1982,46885,23,
Episode 027 - Wolf,2011-10-11,1994,10395,24,
Episode 028 - 976-EVIL,2011-10-18,1988,24038,25,
WHM Interview - Michael J Nelson,2011-10-23,,,,
Episode 029 - The Haunting,2011-10-25,1999,11618,26,
Episode 030 - Babycakes,2011-11-01,1989,214216,27,
Episode 031 - Judge Dredd,2011-11-08,1995,9482,28,
"Episode 032 - No Retreat, No Surrender",2011-11-15,1986,12721,29,
Episode 033 - Ewoks: The Battle for Endor,2011-11-22,1985,10372,30,
Episode 034 - Poison Ivy,2011-11-29,1992,9264,31,
Episode 035 - Wired,2011-12-06,1989,78151,32,
Episode 036 - The Conqueror,2011-12-13,1956,24751,33,
Episode 037 - Jack Frost (1998),2011-12-20,1998,9745,34,
A Side Order of Sleaze 003 - Jack Frost (1997),2011-12-22,1997,,,
Episode 038 - Money Train,2011-12-27,1995,11517,35,
Episode 039 - The Adventures of Ford Fairlane,2012-01-03,1990,9548,36,
Episode 040 - Hider in the House,2012-01-10,1989,56669,37,
Episode 041 - Halloween III: Season of the Witch,2012-01-17,1982,10676,38,
WHM Interview - Joel Hodgson,2012-01-19,,,,
Episode 042 - Zandalee,2012-01-24,1991,36630,39,
Episode 043 - Vampire in Brooklyn,2012-01-31,1995,12158,40,
Episode 044 - Star Wars Episode 1: The Phantom Menace,2012-02-07,1999,1893,41,
Episode 045 - Deadly Friend,2012-02-14,1986,33278,42,
Episode 046 - Nukie,2012-02-21,1988,84626,43,
Episode 047 - Cop and a Half,2012-02-28,1993,12574,44,
Episode 048 - Off Beat,2012-03-06,1986,39243,45,
Episode 049 - Hackers,2012-03-13,1995,10428,46,
Episode 050 - No Holds Barred,2012-03-20,1989,39002,47,
Episode 051 - Senseless,2012-03-27,1998,12538,48,
Episode 052 - Mr. Destiny,2012-04-03,1990,2612,49,
Episode 053 - Free Enterprise,2012-04-10,1998,13533,50,
Episode 054 - Gymkata,2012-04-17,1985,14570,51,
Episode 055 - Rocky IV,2012-04-24,1985,1374,52,
Episode 056 - The Philadelphia Experiment II,2012-05-01,1993,35610,53,
Episode 057 - The Glass House,2012-05-08,2001,2176,54,
Episode 058 - Undercover Blues,2012-05-15,1993,12661,55,
Episode 059 - The New Adventures of Pippi Longstocking,2012-05-22,1988,19051,56,
Episode 060 - The Skulls,2012-05-29,2000,11478,57,
Episode 061 - Men in Black II,2012-06-05,2002,608,58,
Episode 062 - Cocoon,2012-06-12,1985,10328,59,
Episode 063 - Jaws: The Revenge,2012-06-19,1987,580,60,
Episode 064 - The Next Karate Kid,2012-06-26,1994,11231,61,
Episode 065 - Nine Months,2012-07-03,1995,11472,62,
Episode 066 - Inspector Gadget,2012-07-10,1999,332,63,
Episode 067 - Spawn,2012-07-17,1997,10336,64,
Episode 068 - Reign of Fire,2012-07-24,2002,6278,65,
Episode 069 - Twister,2012-07-31,1996,664,66,
Episode 070 - Kill Crazy,2012-08-07,1990,100219,67,
Episode 071 - Mo' Money,2012-08-14,1992,12251,68,
Episode 072 - Dracula 2000,2012-08-21,2000,10577,69,
Episode 073 - Rock 'n' Roll High School Forever,2012-08-28,1991,34742,70,
WHM Commentary 01 - C.H.U.D.mentary,2012-09-03,1984,,,
Episode 074 - Invisible Child,2012-09-04,1999,215089,71,
WHM Mailbag - Chicken 'n' CHUD,2012-09-06,,,,
Episode 075 - Perfect Stranger,2012-09-11,2007,7183,72,
Episode 076 - Never Too Young to Die,2012-09-18,1986,27408,73,
Episode 077 - Heart Condition,2012-09-25,1990,41817,74,
Episode 078 - Silver Bullet,2012-10-02,1985,17898,75,
Episode 079 - Ghost in the Machine,2012-10-09,1993,41651,76,
Episode 080 - Friday the 13th - Part V: A New Beginning,2012-10-16,1985,,77,
Episode 081 - Bordello of Blood,2012-10-23,1996,9431,78,
Episode 082 - Bless the Child,2012-10-30,2000,10391,79,
Episode 083 - K-911,2012-11-06,1999,41586,80,
Episode 084 - Die Another Day,2012-11-13,2002,36669,81,
Episode 085 - Madhouse,2012-11-20,1990,51036,82,
Episode 086 - Star Trek: Insurrection,2012-11-27,1998,200,83,
Episode 087 - Indiana Jones and the Kingdom of the Crystal Skull,2012-12-04,2008,217,84,
Episode 088 - Eight Crazy Nights,2012-12-11,2002,13376,85,
Episode 089 - The Rapture,2012-12-18,1991,1411,86,
Episode 090 - One Magic Christmas,2012-12-25,1985,13380,87,
Episode 091 - Step Up Revolution,2013-01-01,2012,85446,88,
Episode 092 - The Raven,2013-01-08,2012,70436,89,
Episode 093 - Alex Cross,2013-01-15,2012,94348,90,
Episode 094 - Tooth Fairy 2,2013-01-22,2012,84575,91,
Episode 095 - This Means War,2013-01-29,2012,59962,92,
Episode 096 - On Deadly Ground (Live),2013-02-05,1994,9624,93,
Episode 097 - Tuff Turf,2013-02-12,1985,28410,94,
Episode 098 - Aspen Extreme,2013-02-19,1993,16370,95,
Episode 099 - Freejack,2013-02-26,1992,9278,96,
Episode 100 - Taking Care of Business,2013-03-05,1990,6393,97,
Episode 101 - The Pallbearer,2013-03-12,1996,23570,98,
Episode 102 - Batman Forever,2013-03-19,1995,414,99,
Episode 103 - Best of the Best 2,2013-03-26,1993,32049,100,
Episode 104 - Cat People (1982),2013-04-02,1982,6217,101,
Episode 105 - Addicted to Love,2013-04-09,1997,2058,102,
Episode 106 - Virtuosity,2013-04-16,1995,9271,103,
Episode 107 - Walking Tall (1973),2013-04-23,1973,25473,104,
Episode 108 - The Mating Habits of the Earthbound Human,2013-04-30,1999,17198,105,
Episode 109 - The Boondock Saints II: All Saints Day,2013-05-06,2009,22821,106,
Episode 110 - Foodfight!,2013-05-13,2012,116977,107,
Episode 111 - Houseguest,2013-05-20,1995,17207,108,
Episode 112 - Maniac Cop 3: Badge of Silence,2013-05-28,1993,50687,109,
Episode 113 - Godzilla,2013-06-04,1998,929,110,
Episode 114 - Steel,2013-06-11,1997,8854,111,
Episode 115 - Bad Boys II,2013-06-18,2003,8961,112,
Episode 116 - Jaws 3D,2013-06-25,1983,17692,113,
Episode 117 - S.W.A.T.,2013-07-02,2003,9257,114,
WHM On-Screen - S​.​W​.​A​.​T. Firefight,2013-07-07,2011,,,
WHM On-Screen - The Best & Worst of Arnold Schwarzenegger,2013-07-08,,,,
Episode 118 - The Running Man,2013-07-09,1987,865,115,
WHM On​-​Screen - The Great Gatsby,2013-07-10,2013,,,
Episode 119 - Volcano,2013-07-16,1997,10357,116,
WHM On​-​Screen - Star Trek Into Darkness,2013-07-18,2013,,,
Episode 120 - She's All That,2013-07-23,1999,10314,117,
Episode 121 - Grown Ups 2,2013-07-30,2013,109418,118,
WHM On-Screen - Top 5 Movie Deaths,2013-08-05,,,,
WHM Mailbag - Bad Boyfriends & Belushi Cults,2013-08-07,,,,
WHM Live - Cocoon: The Return,2013-08-11,1988,,,
A Side Order of Sleaze 004 - Truth or Dare: A Critical Madness,2013-08-19,1986,,,
WHM On-Screen - Batfleck & Beyond,2013-08-30,,,,
Episode 122 - Only the Strong,2013-09-10,1993,15797,119,
WHM On-Screen - The Gang Breaks Bad,2013-09-13,2013,,,
Episode 123 - Cliffhanger (Live),2013-09-17,1993,9350,120,
A Side Order of Sleaze 005 - School Spirit,2013-09-24,1985,,,
Episode 124 - New Nightmare,2013-10-01,1994,11596,121,
WHM On-Screen - Goodbye Breaking Bad,2013-10-03,2013,,,
Episode 125 - Body Parts,2013-10-08,1991,32146,122,
Episode 126 - Cat's Eye,2013-10-14,1985,10552,123,
Episode 127 - Chopping Mall,2013-10-21,1986,28941,124,
Episode 128 - Casper,2013-10-28,1995,8839,125,
WHM On-Screen - Casper: A Spirited Beginning,2013-10-29,1997,,,
Episode 129 - Scream 3 (Live),2013-11-01,2000,4234,126,
Episode 130 - Stay Tuned,2013-11-04,1992,23939,127,
Episode 131 - Deep Blue Sea,2013-11-12,1999,8914,128,
Episode 132 - China O'Brien,2013-11-18,1990,13293,129,
Episode 133 - Copycat,2013-11-25,1995,1710,130,
Episode 134 - Date with an Angel,2013-12-02,1987,28370,131,
Episode 135 - Ghostbusters II,2013-12-09,1989,2978,132,
Animation Damnation 001 - He-Man and She-Ra: A Christmas Special,2013-12-10,1985,,,
Episode 136 - The Good Son,2013-12-16,1993,9272,133,
Episode 137 - Jingle All the Way,2013-12-24,1996,9279,134,
WHM On-Screen - The Star Wars Holiday Special,2013-12-25,1978,,,
Episode 138 - The Core,2013-12-30,2003,9341,135,
Episode 139 - After Earth,2014-01-06,2013,82700,136,
Episode 140 - Easy Rider: The Ride Back,2014-01-13,2012,156062,137,
Episode 141 - Getaway,2014-01-20,2013,146227,138,
Episode 142 - A Good Day to Die Hard,2014-01-27,2013,47964,139,
Episode 143 - Pray for Death,2014-02-03,1985,35106,140,
Episode 144 - Masters of the Universe (Live),2014-02-10,1987,11649,141,
Episode 145 - Hard Target,2014-02-17,1993,2019,142,
A Side Order of Sleaze 006 - Bloody Birthday,2014-02-23,1981,,,
Episode 146 - Mrs. Doubtfire,2014-02-24,1993,788,143,
Episode 147 - Blame it on Rio,2014-03-03,1984,14347,144,
"Animation Damnation 002 - Teen Wolf: ""Teen Wolf's Family Secret""",2014-03-09,1986,,,
Episode 148 - Canvas,2014-03-10,1992,127741,145,
WHM On-Screen - True Detective,2014-03-13,2014,,,
Episode 149 - Dreamcatcher,2014-03-17,2003,6171,146,
Episode 150 - My Science Project,2014-03-24,1985,18252,147,
Episode 151 - North,2014-03-31,1994,31586,148,
Episode 152 - Joysticks,2014-04-07,1983,27323,149,
"Episode 153 - The Karate Kid, Part III",2014-04-14,1989,10495,150,
"Animation Damnation 003 - The Karate Kid: ""A Little World of His Own""",2014-04-17,1989,,,
Episode 154 - Hail Caesar,2014-04-21,1994,173299,151,
Episode 155 - Every Which Way But Loose,2014-04-28,1978,15417,152,
Episode 156 - The Butterfly Effect,2014-05-05,2004,1954,153,
"Episode 157 - Abraxas, Guardian of the Universe",2014-05-12,1990,37926,154,
"Animation Damnation 004 - GI Joe: ""Joe's Night Out""",2014-05-15,1986,,,
WHM Commentary 02 - Trekmentary: Nemesis,2014-05-16,2002,,,
Episode 158 - Hot Dog…The Movie,2014-05-19,1984,21989,155,
Episode 159 - Hamburger: The Motion Picture,2014-05-26,1986,52117,156,
"WHM On-Screen - Mad Men, the Beginning of the End",2014-05-29,2014,,,
Episode 160 - Mystery Men,2014-06-02,1999,9824,157,
"WHM Mailbag - Chuck E. Cheese, Vasectomies & Divorce",2014-06-05,,,,
Episode 161 - Mortal Kombat,2014-06-09,1995,,158,
Episode 162 - Swordfish,2014-06-16,2001,9705,159,
Episode 163 - Catwoman,2014-06-23,2004,314,160,
"Animation Damnation 005 - Star Trek: ""The Magicks of Megas-Tu""",2014-06-26,1973,,,
Episode 164 - Stroker Ace,2014-06-30,1983,19258,161,
Episode 165 - Planet of the Apes (2001),2014-07-07,2001,869,162,
Episode 166 - The Day After Tomorrow,2014-07-14,2004,435,163,
"WHM Mailbag - Nude-alities, Elderly Flashers & Hell Mouths",2014-07-16,,,,
Episode 167 - Under Siege 2: Dark Territory,2014-07-21,1995,3512,164,
Episode 168 - Teenage Mutant Ninja Turtles II,2014-07-28,1991,1497,165,
"Animation Damnation 006 - Teenage Mutant Ninja Turtles: ""Leatherhead: Terror of the Swamp""",2014-08-07,1989,,,
Episode 169 - The Substitute,2014-09-08,1996,20762,166,
Episode 170 - Timecop,2014-09-15,1994,8831,167,
Episode 171 - Secret Window,2014-09-22,2004,1586,168,
"Animation Damnation 007 - Sonic The Hedgehog: ""Lovesick Sonic""",2014-09-26,1993,,,
Episode 172 - Double Dragon,2014-09-29,1994,2436,169,
Episode 173 - C.H.U.D. II,2014-10-06,1989,53150,170,
Episode 174 - Jason Goes to Hell: The Final Friday,2014-10-13,1993,10285,171,
"WHM Mailbag - John Lithgow, Jorts & JCVD",2014-10-16,,,,
Episode 175 - I Still Know What You Did Last Summer,2014-10-20,1998,3600,172,
Episode 176 - Child's Play 3,2014-10-27,1991,11187,173,
"Animation Damnation 008 - Gravedale High: ""Monster on Trial""",2014-10-31,1990,,,
Episode 177 - Wild in the Streets,2014-11-03,1968,42688,174,
Episode 178 - Johnny Mnemonic,2014-11-10,1995,9886,175,
Animation Damnation 009 - Cartoon All-Stars to the Rescue,2014-11-12,1990,,,
Episode 179 - The Hand That Rocks the Cradle,2014-11-17,1992,11087,176,
A Side Order of Sleaze 007 - H.O.T.S.,2014-11-19,1979,,,
Episode 180 - Buried Alive,2014-11-24,1990,37865,177,
"Animation Damnation 010 - Transformers: ""Thief in the Night""",2014-11-27,1986,,,
"WHM Mailbag - Ninja Scroll, Angry Audiences & Our Favorite Films",2014-11-28,,,,
Episode 181 - Three Men and a Baby,2014-12-01,1987,12154,178,
Episode 182 - Jingle All the Way 2,2014-12-08,2014,289728,179,
Episode 183 - Super Mario Bros.,2014-12-15,1993,9607,180,
WHM On-Screen - The Interview,2014-12-18,2014,,,
WHM Commentary 03 - Sucker Punchmentary,2014-12-19,2011,,,
"WHM Mailbag - Hamsters, Hobbits & Horrible Parents",2014-12-21,,,,
Episode 184 - Look Who's Talking Now,2014-12-22,1993,11982,181,
"Animation Damnation 011 - Life with Louie: ""A Christmas Surprise for Mrs. Stillman""",2014-12-24,1994,,,
"Episode 185 - I, Frankenstein",2015-01-05,2014,100241,182,
Episode 186 - Winter's Tale,2015-01-12,2014,137321,183,
"Animation Damnation 012 - Family Guy/Simpsons: ""The Simpsons Guy""",2015-01-15,2014,,,
WHM On-Screen - The 2015 Razzies,2015-01-16,,,,
Episode 187 - Dracula Untold,2015-01-19,2014,49017,184,
Episode 188 - Sabotage,2015-01-26,2014,144336,185,
"WHM Mailbag - Bad Dads, Bad Dates & Bad Movie High",2015-01-30,,,,
Episode 189 - Taking Lives,2015-02-02,2004,11081,186,
Episode 190 - Stigmata,2015-02-09,1999,10307,187,
"Animation Damnation 013 - Captain N: The Game Master: ""Happy Birthday, Megaman""",2015-02-11,1989,,,
Episode 191 - Seventh Son,2015-02-16,2014,68737,188,
"WHM Mailbag - Pay Channel Porn, Private Ryan & A Perverted History Teacher",2015-02-19,,,,
Episode 192 - White Noise,2015-02-23,2005,11804,189,
Episode 193 - Teen Wolf Too,2015-03-02,1987,15582,190,
Episode 194 - Fatal Beauty,2015-03-09,1987,35463,191,
Episode 195 - Moontrap,2015-03-16,1989,14916,192,
"Animation Damnation 014 - Captain Planet and the Planeteers: ""Talkin' Trash""",2015-03-19,1993,,,
Episode 196 - Twisted,2015-03-23,2004,13572,193,
"WHM Mailbag - Embarrassed Dogs, Embarrassing Teachers & Awkward Projection Tales",2015-03-30,1989,,,
Episode 197 - Next of Kin,2015-03-31,1989,27418,194,
Episode 198 - The Juror,2015-04-06,1996,9623,195,
Episode 199 - Face/Off,2015-04-13,1997,754,196,
Episode 200 - Red Heat,2015-04-20,1988,9604,197,
"Animation Damnation 015 - Denver the Last Dinosaur: ""Denver Makes the Grade""",2015-04-23,1988,,,
"WHM Mailbag - Forgotten Films, Lame Roller Coasters & An Encounter with Gene Shalit",2015-04-26,,,,
Episode 201 - Loverboy,2015-04-27,1989,17362,198,
Episode 202 - Teen Witch,2015-05-04,1989,25199,199,
Episode 203 - House Arrest,2015-05-11,1996,18862,200,
WHM Interview - Gilbert Gottfried,2015-05-14,,,,
"WHM Mailbag - Awkward Dates, Brave Moms & Horrendous Theater Behavior",2015-05-17,,,,
Episode 204 - Blind Fury,2015-05-18,1989,19124,201,
WHM On-Screen - The Conclusion of Mad Men,2015-05-21,,,,
Episode 205 - Space Jam,2015-05-25,1996,2300,202,
"Animation Damnation 016 - ProStars: ""The Slugger Returns""",2015-05-28,1991,,,
Episode 206 - The Lost World: Jurassic Park,2015-06-01,1997,330,203,
Episode 207 - Stealth,2015-06-08,2005,10048,204,
Episode 208 - Camp Nowhere,2015-06-15,1994,17745,205,
Episode 209 - Son of the Mask,2015-06-22,2005,10214,206,
"Animation Damnation 017 - Pokémon: ""The Ghost of Maiden's Peak""",2015-06-25,1998,,,
"WHM Mailbag - Horrendous Films to See Before You Die, Pat Hingle & Theater Creeps",2015-06-28,,,,
Episode 210 - Terminator 3: Rise of the Machines,2015-06-29,2003,296,207,
WHM On-Screen - Mission: Impossible,2015-07-01,1996,,,
Episode 211 - Dragonheart,2015-07-06,1996,8840,208,
"Animation Damnation 018 - DuckTales: ""The Uncrashable Hindentanic""",2015-07-09,1987,,,
WHM On-Screen - Mission: Impossible II,2015-07-09,2000,,,
Episode 212 - The Matrix Revolutions,2015-07-13,2003,605,209,
WHM On-Screen - SD Comic​-​Con 2015 News & More!,2015-07-13,,,,
WHM On-Screen - Mission: Impossible III,2015-07-15,2006,,,
WHM Mailbag - Special Summer Camp Edition,2015-07-16,,,,
Episode 213 - The League of Extraordinary Gentlemen,2015-07-20,2003,8698,210,
WHM On-Screen - Mission: Impossible - Ghost Protocol,2015-07-23,2011,,,
Episode 214 - Green Lantern (Live),2015-07-27,2011,44912,211,
Episode 215 - Mortal Kombat: Annihilation,2015-09-07,1997,9823,212,
"Animation Damnation 019 - Speed Racer: ""The Car Hater""",2015-09-09,1967,,,
Episode 216 - Cyber Seduction: His Secret Life,2015-09-14,2005,63483,213,
Episode 217 - The Dead Pool,2015-09-21,1988,10651,214,
"WHM Mailbag - Bad Jobs, Crying at Movies & Our Favorite Simpsons Moments",2015-09-23,,,,
Episode 218 - The Devil's Advocate,2015-09-28,1997,1813,215,
"Animation Damnation 020 - G.I. Joe: ""Cold Slither""",2015-09-29,1985,,,
Episode 219 - Brainscan,2015-10-05,1994,14237,216,
Episode 220 - Killer Workout,2015-10-12,1987,5752,217,
Episode 221 - Freddy vs. Jason,2015-10-19,2003,6466,218,
"WHM Mailbag - Weird NYC Tales, Library Creeps & Terrifying Advertising",2015-10-25,,,,
Episode 222 - Thinner,2015-10-26,1996,10280,219,
"Animation Damnation 021 - Beetlejuice: ""Laugh of the Party""",2015-10-28,1989,,,
WHM On-Screen - The Friday the 13th Franchise,2015-10-29,,,,
Episode 223 - Never Say Never Again,2015-11-02,1983,36670,220,
Episode 224 - Supergirl,2015-11-09,1984,9651,221,
"Animation Damnation 022 - James Bond Jr.: ""Garden of Evil""",2015-11-11,1991,,,
Episode 225 - Weekend at Bernie's,2015-11-16,1989,8491,222,
WHM On-Screen - Spectre,2015-11-17,2015,,,
"WHM Mailbag - Puke, Podcast Bonding & Porno Tape Mix-ups",2015-11-18,,,,
Episode 226 - Weekend at Bernie's II,2015-11-23,1993,8494,223,
Episode 227 - Care Bears Movie II: A New Generation,2015-11-30,1986,19975,224,
Episode 228 - Bill and Ted,2015-12-07,1991,1649,225,
WHM Commentary 04 - Revenge of the Sithmentary,2015-12-10,2005,,,
Episode 229 - Star Wars: Episode II - Attack of the Clones,2015-12-14,2002,1894,226,
Episode 230 - Santa Claus: The Movie,2015-12-21,1985,13764,227,
WHM On-Screen - Star Wars: Episode VII - The Force Awakens,2015-12-22,2015,140607,228,
"WHM Mailbag - Theater Tag Alongs, Embarrassing Movie Moments & Crucified Muppets",2015-12-27,,,,
Animation Damnation 023 - Rudolph's Shiny New Year,2015-12-30,1976,,,
Episode 231 - Entourage,2016-01-04,2015,188222,229,
Episode 232 - Russell Madness,2016-01-11,2015,319924,230,
Episode 233 - Pixels,2016-01-18,2015,257344,231,
"WHM Mailbag - Unruly Audiences, Projection Mishaps & Straight Up Messing Yourself",2016-01-20,,,,
Episode 234 - The Last Witch Hunter,2016-01-25,2015,274854,232,
"Animation Damnation 024 - Be Cool, Scooby-Doo!: ""Mystery 101""",2016-01-28,2015,,,
Episode 235 - American Shaolin,2016-02-01,1991,36934,233,
Episode 236 - Daredevil,2016-02-08,2003,9480,234,
Episode 237 - The Watcher,2016-02-15,2000,10685,235,
"WHM Mailbag - Sweet Valentine Tales, Larry the Cable Guy Fans & Summer Camp Hook-ups",2016-02-17,,,,
Episode 238 - Olympus Has Fallen (Live in D.C.),2016-02-22,2013,117263,236,
WHM On-Screen - Deadpool,2016-02-24,2016,,,
WHM On-Screen - The 88th Academy Awards,2016-02-25,2015,,,
"Animation Damnation 025 - Road Rovers: ""A Hair of the Dog That Bit You""",2016-02-28,1996,,,
Episode 239 - The Shadow,2016-02-29,1994,8850,237,
Episode 240 - A Letter from Death Row,2016-03-07,1998,43911,238,
Episode 241 - Nightmare Beach,2016-03-14,1989,74646,239,
"WHM Mailbag - Horrible Hook-up Movies, Bee Movie Podcasts & How to Ruin The Godfather",2016-03-16,,,,
Episode 242 - Antitrust,2016-03-21,2001,9989,240,
Episode 243 - Batman v Superman: Dawn of Justice,2016-03-28,2016,209112,241,
"Animation Damnation 026 - The Raccoons: ""Surprise Attack!""",2016-03-30,1985,,,
Episode 244 - Dungeons & Dragons,2016-04-04,2000,11849,242,
Episode 245 - My Best Friend's Wedding,2016-04-11,1997,8874,243,
Episode 246 - The Wizard,2016-04-18,1989,183,244,
"Animation Damnation 027 - Centurions: ""Day of the Animals""",2016-04-24,1986,,,
Episode 247 - Larry the Cable Guy: Health Inspector,2016-04-25,2006,15639,245,
"WHM Mailbag - Peein' at the Arcade, Dirty Diapers in the Theater & One Ticked Off BvS Superfan",2016-04-28,,,,
Episode 248 - Waterworld (Live!),2016-05-02,1995,9804,246,
Episode 249 - American Dreamz,2016-05-09,2006,9310,247,
Episode 250 - Highlander II: The Quickening,2016-05-16,1991,8010,248,
WHM On-Screen - Captain America: Civil War,2016-05-19,2016,,,
Episode 251 - Kindergarten Cop 2,2016-05-23,2016,383121,249,
"WHM Mailbag - DJ DEA Agents, Listening to WHM in Class, and Things Not to Do with Italian Dressing",2016-05-26,,,,
Episode 252 - X-Men: The Last Stand,2016-05-30,2006,36668,250,
"Animation Damnation 028 - X-Men: ""Jubilee's Fairy Tale Theater""",2016-06-02,1996,,,
WHM On-Screen - X-Men: Apocalypse,2016-06-02,2016,,,
Episode 253 - Speed 2: Cruise Control,2016-06-06,1997,1639,251,
WHM On-Screen - TMNT 2: Out of the Shadows,2016-06-09,2016,,,
Episode 254 - Don't Tell Mom the Babysitter's Dead,2016-06-13,1991,15413,252,
Episode 255 - Street Fighter,2016-06-20,1994,11667,253,
"Animation Damnation 029 - Street Fighter: ""Getting to Guile""",2016-06-22,1995,,,
Episode 256 - Another 48 Hrs.,2016-06-27,1990,11595,254,
WHM On-Screen - Game of Thrones Season 6,2016-06-28,2016,,,
"WHM Mailbag - Bad Movie Taste, Elderly Theater Patrons, and too Much Long John Silver's",2016-06-29,,,,
Episode 257 - Wild Wild West,2016-07-04,1999,8487,255,
Episode 258 - Lady in the Water,2016-07-11,2006,9697,256,
Episode 259 - Star Trek V: The Final Frontier,2016-07-18,1989,172,257,
"Animation Damnation 030 - The Real Ghostbusters: ""They Call me MISTER Slimer""",2016-07-20,1987,,,
Episode 260 - Con Air,2016-07-25,1997,1701,258,
"WHM Mailbag - Kids' Birthdays, R-rated Movie Sneaks, and Late-in-Life Masturbation Discoveries",2016-07-28,,,,
Episode 261 - Predator 2 (Live),2016-08-01,1990,169,259,
Episode 262 - Jupiter Ascending (Live),2016-08-15,2015,76757,260,
WHM Commentary 05 - TMNTmentary,2016-08-27,2014,,,
"The Nexus 001 - TOS: ""The Cage"" / TNG: ""Encounter at Farpoint""",2016-08-28,1988,,,
Episode 263 - Teenage Mutant Ninja Turtles III (Live),2016-08-29,1993,1499,261,
"Animation Damnation 031 - Super Mario Bros. Super Show: ""Flatbush Koopa""",2016-09-03,1989,,,
Episode 264 - The Amazing Spider-Man 2,2016-09-05,2014,102382,262,
Episode 265 - The Substitute 2: School's Out,2016-09-12,1998,29812,263,
Episode 266 - Anaconda,2016-09-19,1997,9360,264,
A Side Order of Sleaze 008 - Isla: She Wolf of the SS,2016-09-20,1975,,,
Episode 267 - Hollow Man,2016-09-26,2000,9383,265,
"WHM Mailbag - Theater Walk-Outs, Haneke High School, and Movie Theater Parking Lot Sex",2016-09-28,,,,
Episode 268 - Pet Sematary II,2016-10-03,1992,10906,266,
Episode 269 - Halloween: The Curse of Michael Myers,2016-10-10,1995,10987,267,
"The Nexus 002 - TOS: ""The Man Trap"" / TNG: ""The Naked Now""",2016-10-14,1966,,,
Episode 270 - Ernest Scared Stupid,2016-10-17,1991,32685,268,
"Animation Damnation 032 - Davey and Goliath: ""Halloween Who-Dun-It""",2016-10-24,1967,,,
Episode 271 - Texas Chainsaw Massacre,2016-10-24,1995,16780,269,
"WHM Mailbag - WHM Origins, Break-up Recovery Films, and Ruining Blade II",2016-10-25,,,,
WHM On-Screen - The Halloween Franchise,2016-10-27,,,,
Episode 272 - Ghosts Can't Do It,2016-10-31,1989,31281,270,
"Animation Damnation 033 - Robocop: The Animated Series: ""The Brotherhood""",2016-11-01,1988,,,
Episode 273 - Don't Tell Her It's Me,2016-11-07,1990,21433,271,
WHM On-Screen - Doctor Strange,2016-11-10,2016,,,
Episode 274 - Fantastic Four (2005),2016-11-14,2005,9738,272,
"The Nexus 003 - TOS: ""Charlie X"" / TNG: ""Code of Honor""",2016-11-18,1966,,,
Episode 275 - The Happening,2016-11-21,2008,8645,273,
Episode 276 - Suburban Commando (Live),2016-11-23,1991,11504,274,
"WHM Mailbag - Hurricane Late Fees, Parking Lot Hitchhikers, and Movie Theater Perverts",2016-11-27,,,,
Episode 277 - Surviving the Game,2016-11-28,1994,17585,275,
Episode 278 - End of Days,2016-12-05,1999,9946,276,
Animation Damnation 034 - Christmas Comes to Pac-Land,2016-12-09,1982,,,
Episode 279 - Demolition Man,2016-12-12,1993,9739,277,
Episode 280 - The Santa Clause 3: The Escape Clause,2016-12-19,2006,13767,278,
"The Nexus 004 - TOS: ""Where No Man Has Gone Before"" / TNG: ""The Last Outpost""",2016-12-20,1966,,,
WHM On-Screen - Star Wars: Rogue One,2016-12-22,2016,,,
Episode 281 - Batman & Robin (Live),2016-12-26,1997,415,279,
"WHM Mailbag - Screaming Substitute Teachers, Dying at the Movies, ""Pump Up The Volume""",2016-12-28,,,,
Episode 282 - Collateral Beauty,2017-01-02,2016,345920,280,
Episode 283 - Dirty Grandpa,2017-01-09,2016,291870,281,
"The Nexus 005 - TOS: ""The Naked Time"" / TNG: ""Where No One Has Gone Before""",2017-01-15,1966,,,
Episode 284 - Suicide Squad,2017-01-16,2016,297761,282,
Episode 285 - Gods of Egypt,2017-01-23,2016,205584,283,
"Animation Damnation 035 - Dragon Ball Z: ""Goku's Ordeal""",2017-01-29,1992,,,
Episode 286 - Independence Day: Resurgence,2017-01-30,2016,47933,284,
"WHM Mailbag - Potentially Lethal Duck Movies, Cinematic Conspiracy Theories, Amy Adams is Nice",2017-01-31,,,,
Episode 287 - Bee Movie,2017-02-06,2007,5559,285,
WHM Commentary 06 - Taken 2-mentary,2017-02-12,2012,,,
Episode 288 - My Father the Hero,2017-02-13,1994,10486,286,
"Animation Damnation 036 - David the Gnome: ""The Wedding That Almost Wasn't""",2017-02-17,1996,,,
Episode 289 - Retroactive,2017-02-20,1997,26689,287,
"The Nexus 006 - TOS: ""The Enemy Within"" / TNG: ""Lonely Among Us""",2017-02-20,1966,,,
WHM On-Screen - The 89th Academy Awards,2017-02-23,2016,,,
Episode 290 - Tango & Cash,2017-02-27,1989,9618,288,
Episode 291 - The Last Airbender,2017-03-06,2010,10196,289,
"WHM Mailbag - Families with Bad Taste, Irrational Fears of Yoda, Dudes Love ""Grown Ups 2""",2017-03-12,,,,
Episode 292 - Highlander III: The Final Dimension,2017-03-13,1994,8011,290,
"The Nexus 007 - DS9: ""Civil Defense"" / VGR: ""Threshold""",2017-03-15,1994,,,
"Animation Damnation 037 - Pokémon: ""Beauty and the Beach""",2017-03-18,1998,,,
Episode 293 - Ultraviolet,2017-03-20,2006,9920,291,
Episode 294 - Power Rangers (2017),2017-03-27,2017,305470,292,
Episode 295 - Overboard (1987),2017-04-03,1987,10780,293,
"The Nexus 008 - TOS: ""Mudd's Women"" / TNG: ""Justice""",2017-04-06,1966,,,
Episode 296 - Sidekicks,2017-04-10,1992,22590,294,
Episode 297 - Howard The Duck (Live),2017-04-17,1986,10658,295,
"Animation Damnation 038 - Mortal Kombat: Defenders of the Realm: ""Kombat Begins Again""",2017-04-23,1996,,,
Episode 298 - Hot to Trot,2017-04-24,1988,30690,296,
"WHM Mailbag - Steven from Charlotte, Passing Up Sex for Movies, Agitated Fathers, Greening Out",2017-04-29,,,,
Episode 299 - Death Wish 3,2017-05-01,1985,24873,297,
Episode 300 - 300,2017-05-08,2007,1271,298,
Episode 301 - AVP: Alien vs Predator,2017-05-15,2004,395,299,
"The Nexus 009 - TOS: ""What Are Little Girls Made Of?"" / TNG: ""The Battle""",2017-05-19,1966,,,
"Animation Damnation 039 - Highlander: The Animated Series: ""The Cursed""",2017-05-20,1994,,,
Episode 302 - Ninja III: The Domination,2017-05-22,1984,28148,300,
Episode 303 - Disclosure,2017-05-29,1994,8984,301,
"WHM Mailbag - Dying at the Movies, Public Freakouts, Cheeseburgers Down Your Pants, and Crotchety Dads",2017-05-30,,,,
Episode 304 - Transformers (2007),2017-06-05,2007,1858,302,
WHM On-Screen - Wonder Woman,2017-06-09,2017,,,
WHM Commentary 07 - Twilightmentary,2017-06-11,2008,,,
Episode 305 - Transformers: Revenge of the Fallen,2017-06-12,2009,8373,303,
"Animation Damnation 040 - Transformers: ""The Girl Who Loved Powerglide""",2017-06-16,1985,,,
"The Nexus 010 - TOS: ""Miri"" / TNG: ""Hide and Q""",2017-06-16,1966,,,
Episode 306 - Transformers: Dark of the Moon,2017-06-19,2011,38356,304,
Episode 307 - Friday the 13th: Part 7 - The New Blood (Live),2017-06-21,1988,10281,305,
Episode 308 - Transformers: Age of Extinction,2017-06-27,2014,91314,306,
"The Nexus 011 - TOS: ""Dagger of the Mind"" / TNG: ""Haven""",2017-06-30,,,,
"WHM Mailbag - Broken Remotes, Soviet Cinema(s), Gross Rags, and Creepy Dude Teachers",2017-06-30,1966,,,
Episode 309 - Encino Man,2017-07-03,1992,10406,307,
Episode 310 - Transformers: The Last Knight,2017-07-10,2017,335988,308,
"Animation Damnation 041 - Spider-Man: ""Neogenic Nightmare Chapter 7: Enter The Punisher""",2017-07-15,1995,,,
Episode 311 - Air Force One,2017-07-17,1997,9772,309,
"WHM Mailbag - Dating Transformers Fanatics, Bad Hangover Films, and Ruining Your Parents' Social Status by Listening to WHM",2017-07-23,,,,
Episode 312 - Spider-Man 3,2017-07-24,2007,559,310,
WHM On-Screen - Spider-Man: Homecoming,2017-08-04,2017,,,
"The Nexus 012 - TOS: ""The Corbomite Maneuver"" / TNG: ""The Big Goodbye""",2017-08-11,1966,,,
Episode 313 - Fantastic Four: Rise of the Silver Surfer,2017-08-14,2007,1979,311,
Episode 314 - Over the Top (Live),2017-08-22,1987,1825,312,
"Animation Damnation 042 - Street Sharks: ""Shark Bait""",2017-08-24,1987,,,
WHM On-Screen - Game of Thrones Season 7,2017-08-30,2017,,,
Episode 315 - Mac & Me (Live),2017-09-04,1988,20196,313,
Episode 316 - IT (1990),2017-09-12,1990,19614,314,tv
"WHM Mailbag - Alt-Right Blind Dates, Grade School Toy Theft, and Puking at the Movie",2017-09-14,,,,
Episode 317 - If Looks Could Kill,2017-09-18,1991,22434,315,
"Animation Damnation 043 - DuckTales: ""Dr. Jekyll & Mr. McDuck""",2017-09-22,1987,,,
Episode 318 - Samurai Cop,2017-09-25,1991,65374,316,
WHM Commentary 08 - Twilight: New Moonmentary,2017-09-27,2009,,,
"The Nexus 013 - TOS: ""The Menagerie"" / TNG: ""Datalore""",2017-09-29,1966,,,
Episode 319 - Freddy's Dead: The Final Nightmare,2017-10-02,1991,11284,317,
Episode 320 - Dr. Giggles,2017-10-09,1992,37527,318,
Episode 321 - Scream 2,2017-10-16,1997,4233,319,
"Animation Damnation 044 - Count Duckula: ""One Stormy Night""",2017-10-18,1988,,,
Episode 322 - Saw,2017-10-23,2004,176,320,
"The Nexus 014 - TOS: ""The Conscience of the King"" / TNG: ""Angel One""",2017-10-26,1966,,,
WHM On-Screen - The Nightmare on Elm Street Franchise,2017-10-29,,,,
WHM Mailbag - L.A. Letter Readin' (w/ Amir Blumenfeld!),2017-10-30,1986,,,
Episode 323 - Trick or Treat,2017-10-31,1986,25438,321,
Episode 324 - Rising Sun,2017-11-06,1993,7007,322,
"Animation Damnation 045 - Bruno The Kid: ""The Adventure Begins""",2017-11-10,1996,,,
Episode 325 - The Fan,2017-11-13,1996,9566,323,
Episode 326 - Murder at 1600,2017-11-20,1997,9415,324,
"The Nexus 015 - TOS: ""Balance of Terror"" / TNG: ""11001001""",2017-11-24,1966,,,
Episode 327 - Drop Zone,2017-11-27,1994,4954,325,
WHM On-Screen - 2017 Superhero Round-Up: Thor Ragnarok & Justice League,2017-11-29,2017,,,
"WHM Mailbag - Taking Mom to the Movies, Lying About Hating ""Collateral Beauty,"" and Falling Asleep on Toilets",2017-11-30,,,,
Episode 328 - The Punisher (2004),2017-12-04,2004,7220,326,
"Animation Damnation 046 - Archie's Weird Mysteries: ""The Christmas Phantom""",2017-12-08,2002,,,
Episode 329 - Hard to Kill,2017-12-11,1990,9569,327,
WHM Commentary 09 - Rambomentary,2017-12-15,2008,,,
Episode 330 - Pottersville,2017-12-18,2017,413990,328,
WHM On-Screen - Star Wars: VIII - The Last Jedi,2017-12-18,2017,,,
"WHM Mailbag - Watching ""8MM"" in School, Almost Giving Birth While Listening to WHM, and ""Christmas Film or Action Film?""",2017-12-19,,,,
Episode 331 - Constantine (Live),2017-12-24,2005,561,329,
"The Nexus 016 - TOS: ""Shore Leave"" / TNG: ""Too Short A Season""",2017-12-24,1966,,,
Episode 332 - The Boss Baby,2018-01-01,2017,295693,330,
Episode 333 - Bright,2018-01-04,2017,400106,331,
Episode 334 - The Fate of the Furious,2018-01-09,2017,337339,332,
"Animation Damnation 047 - Bobby's World: ""Weekend at Teddie's""",2018-01-13,1994,,,
Episode 335 - The Bye Bye Man,2018-01-16,2017,292280,333,
Episode 336 - Geostorm,2018-01-23,2017,274855,334,
"The Nexus 017 - TOS: ""The Galileo Seven"" / TNG: ""When the Bough Breaks""",2018-01-25,1967,,,
Episode 337 - Going In Style,2018-01-30,2017,353070,335,
"WHM Mail Bag - Film Critic Run-Ins, Sleepover Film Selections, and Disastrous Midnight Movie Experiences",2018-01-31,,,,
Episode 338 - Blade: Trinity (Live),2018-02-06,2004,36648,336,
"Animation Damnation 048 - Challenge of the Superfriends: ""The Rise and Fall of the Superfriends""",2018-02-09,1978,,,
Episode 339 - Man Of Steel,2018-02-11,2013,49521,337,
Episode 340 - You've Got Mail,2018-02-13,1998,9489,338,
Episode 341 - Traces of Red,2018-02-20,1992,103299,339,
WHM On-Screen - Black Panther,2018-02-21,2018,,,
"The Nexus 018 - TOS: ""The Squire of Gothos"" / TNG: ""Home Soil""",2018-02-23,1967,,,
Episode 342 - Death Wish V: The Face of Death,2018-02-27,1994,34746,340,
"WHM Mail Bag - Movie Theater Bathroom Breaks, After Prom at the Movies, and Dads Ruining Movie Dates",2018-02-27,,,,
WHM On-Screen - The 2018 Academy Awards,2018-03-01,,,,
Episode 343 - The Jerky Boys,2018-03-06,1995,18713,341,
Episode 344 - Ghost Rider: Spirit of Vengeance,2018-03-08,2011,71676,342,
Episode 345 - Maximum Overdrive (Live),2018-03-12,1986,9980,343,
Episode 346 - I'll Always Know What You Did Last Summer,2018-03-14,2006,3602,344,
Animation Damnation 049 - Mortal Kombat: The Journey Begins,2018-03-15,1995,,,
Episode 347 - Tarzan the Ape Man,2018-03-20,1981,26325,345,
"The Nexus 019 - TNG: ""First Contact"" / DS9: ""Let He Who is Without Sin...""",2018-03-23,1991,,,
Episode 348 - I Know Who Killed Me,2018-03-27,2007,5857,346,
"WHM Mail Bag - Backfiring Prank Calls, Watching ""The Jerky Boys"" On 9/11, and After-Hours Movie Theater Sexcapades",2018-03-29,,,,
WHM Commentary 10 - The Cloverfield Paradoxmentary,2018-03-30,2018,,,
Episode 349 - Shrek,2018-04-02,2001,808,347,
"Animation Damnation 050 - Iron Man: ""Iron Man, On The Inside""",2018-04-08,1995,,,
Episode 350 - Wild Hogs,2018-04-10,2007,11199,348,
Episode 351 - Jungle 2 Jungle,2018-04-12,1997,9446,349,
Episode 352 - Lost in Space,2018-04-17,1998,2157,350,
Episode 353 - Airborne,2018-04-24,1993,13064,351,
"The Nexus 020 - TOS: ""Arena"" / TNG: ""Coming of Age""",2018-04-27,1967,,,
Episode 354 - The Bucket List,2018-05-01,2007,7350,352,
WHM On-Screen - Avengers: Infinity War,2018-05-02,2018,,,
Episode 355 - Dollman,2018-05-08,1991,68773,353,
Episode 356 - Transcendence,2018-05-11,2014,157353,354,
Episode 357 - The X-Files: I Want To Believe,2018-05-15,2008,8836,355,
"WHM Mail Bag - Crying at LOTR, Getting Arrested on Easter, and Several Scary Bathroom Tales",2018-05-16,,,,
"Animation Damnation 051 - The Boss Baby: Back in Business: ""The Constipation Situation""",2018-05-18,2018,,,
Episode 358 - Witless Protection,2018-05-22,2008,15365,356,
"The Nexus 021 - TOS: ""Tomorrow is Yesterday"" / TNG: ""Heart of Glory""",2018-05-22,1967,,,
Episode 359 - X-Men Origins: Wolverine,2018-05-29,2009,2080,357,
WHM On-Screen - Solo: A Star Wars Story,2018-05-31,2018,,,
Episode 360 - Ocean's Twelve,2018-06-05,2004,163,358,
"Animation Damnation 052 - Thundercats: ""The Garden of Delights""",2018-06-06,1985,,,
Episode 361 - xXx,2018-06-12,2002,7451,359,
Episode 362 - Jurassic World,2018-06-14,2015,135397,360,
WHM On-Screen - Ocean's 8,2018-06-15,2018,,,
Episode 363 - Jurassic Park III,2018-06-19,2001,331,361,
The Nexus 022 - TOS: “Court Martial” / TNG: “Arsenal of Freedom” ,2018-06-21,1967,,,
Episode 364 - Lethal Weapon 4,2018-06-26,1998,944,362,
"WHM Mail Bag - Horrendous Movie Theater Cleaning Gigs, Using the Toliet at Rock Concerts, and Deadly (Possibly Illegal) Amusement Parks",2018-06-29,,,,
Episode 365 - Rambo III,2018-07-03,1988,1370,363,
"Animation Damnation 053 - Avengers: United They Stand: ""Egg-Streme Vengeance""",2018-07-06,2000,,,
Episode 366 - Runaway Bride,2018-07-10,1999,4806,364,
Episode 367 - America’s Sweethearts,2018-07-12,2001,11467,365,
Episode 368 - Eraser,2018-07-17,1996,9268,366,
"The Nexus 023 - TOS: “Return of the Archons"" / TNG: “Symbiosis” ",2018-07-21,1967,,,
Episode 369 - Rookie of the Year,2018-07-24,1993,21845,367,
"WHM Mail Bag - Bad Behavior on Date Night, Disgusting Water Parks, Laughing at Herzog Films, and Movie Theater Human Rights Violations",2018-07-30,,,,
Episode 370 - Armageddon,2018-07-31,1998,95,368,
WHM Commentary 11 - Twilight: Eclipsementary,2018-08-02,2010,,,
"Animation Damnation 054 - Rambo: ""Battlefield Bronx""",2018-08-03,1986,,,
Episode 371 - The Emoji Movie (Live),2018-08-07,2017,378236,369,
Episode 372 - Jason X (Live),2018-08-14,2001,11470,370,
Episode 373 - Friday the 13th Part VIII: Jason Takes Manhattan,2018-08-16,1989,10283,371,
Episode 374 - Tank Girl (Live),2018-08-21,1995,9067,372,
"The Nexus 024 - TOS: “Space Seed"" / TNG: “Skin of Evil”",2018-08-24,1967,,,
Episode 375 - Cobra (Live),2018-08-28,1986,9874,373,
Episode 376 - The Flintstones,2018-09-04,1994,888,374,
Episode 377 - Ready Player One,2018-09-08,2018,333339,375,
Episode 378 - Masterminds,2018-09-11,1997,25224,376,
"Animation Damnation 055 - Star Wars: Droids: ""A Race To The Finish""",2018-09-14,1985,,,
Episode 379 - Aliens vs. Predator: Requiem,2018-09-18,2007,440,377,
"The Nexus 025 - TOS: “A Taste of Armageddon"" / TNG: “We'll Always Have Paris”",2018-09-21,1967,,,
Episode 380 - The Stepford Wives (2004),2018-09-25,2004,9890,378,
"WHM Mail Bag - Dads Renting Porn, Fleeing the Movies in Fear, and Bothering Celebrities at Thanksgiving",2018-09-29,,,,
Episode 381 - Hellraiser III: Hell on Earth,2018-10-02,1992,11569,379,
Episode 382 - Man's Best Friend,2018-10-09,1993,41759,380,
"Animation Damnation 056 - The Smurfs: ""All Hallows' Eve""",2018-10-10,1983,,,
The WHM 2018 Fall/Winter - Preview,2018-10-13,,,,
Episode 383 - Halloween: Resurrection,2018-10-16,2002,11442,381,
Episode 384 - Van Helsing,2018-10-18,2004,7131,382,
Episode 385 - Urban Legend,2018-10-23,1998,9877,383,
"The Nexus 026 - TOS: “This Side of Paradise"" / TNG: “Conspiracy”",2018-10-26,1967,,,
"WHM Mail Bag - Obnoxious Children at the Movies, Spooktacular Exes, Eerie Event Cinema, and Waiting to Meet Doug ""Pinhead"" Bradley",2018-10-28,,,,
Episode 386 - Wishmaster,2018-10-30,1997,10351,384,
WHM Commentary 12 - A Nightmare On Elm Street Remakementary,2018-10-31,2010,,,
Episode 387 - The Cat in the Hat,2018-11-06,2003,10588,385,
Episode 388 - How the Grinch Stole Christmas,2018-11-08,2000,8871,386,
Episode 389 - The One,2018-11-13,2001,10796,387,
Animation Damnation 057 - A Charlie Brown Thanksgiving,2018-11-15,1973,,,
"The Nexus 027 - TOS: “The Devil in the Dark"" / TNG: “Neutral Zone”",2018-11-19,1967,,,
Episode 390 - Robin Hood: Prince of Thieves,2018-11-20,1991,8367,388,
Episode 391 - Richie Rich,2018-11-27,1994,11011,389,
"WHM Mail Bag - Cat In The Hat Stand-Ins, Messing with Michael Myers, and Blowing Up Your College Bathroom",2018-11-29,,,,
Episode 392 - Terminator 2: Judgment Day,2018-12-04,1991,280,390,
Episode 393 - Star Wars,2018-12-07,1977,11,391,
Episode 394 - Back To The Future,2018-12-11,1985,105,392,
"Animation Damnation 058 - Batman: The Animated Series: ""Almost Got ’im""",2018-12-14,1992,,,
Episode 395 - It's A Wonderful Life,2018-12-18,1946,1585,393,
The Nexus 028 - Star Trek II: The Wrath of Khan,2018-12-20,1982,,,
WHM Commentary 13 - Commandomentary,2018-12-24,1985,,,
Episode 396 - Batman (1989),2018-12-25,1989,268,394,
WHM Mail Bag - December 2018,2018-12-27,,,,
Episode 397 - Venom,2019-01-01,2018,335983,395,
Episode 398 - Jurassic World: Fallen Kingdom,2019-01-04,2018,351286,396,
Episode 399 - Mile 22,2019-01-08,2018,347375,397,
Gleep Glossary: A Star Wars Story 001 - Figrin D’an of the Modal Nodes,2019-01-10,,,,
Episode 400 - The Love Guru,2019-01-15,2008,12177,398,
"Animation Damnation 059 - MTV's Spider-Man: The New Animated Series: ""Law of the Jungle""",2019-01-17,2003,,,
Episode 401 - Life Itself,2019-01-22,2018,446696,399,
"WHM Mail Bag - Awkward School Screenings, NYC Blood Puddles, and Watching ""Faces of Death"" with Dad",2019-01-24,,,,
WHM On-Screen - Glass,2019-01-24,2019,,,
"The Nexus 029 - TOS: ""Errand of Mercy"" / TNG: ""The Child""",2019-01-25,1967,,,
Episode 402 - The Happytime Murders,2019-01-29,2018,412988,400,
Episode 403 - Fantastic Beasts,2019-02-05,2018,338952,401,
Gleep Glossary: A Star Wars Story 002 - Dr. Evazan & Ponda Baba,2019-02-07,,,,
Episode 404 - What Women Want,2019-02-12,2000,3981,402,
Episode 405 - Bad Boys,2019-02-15,1995,9737,403,
Episode 406 - Valentine,2019-02-19,2001,10984,404,
"WHM Mail Bag - Gym Proms, Larry the Cable Guy Apologists, and Puking at the Movies",2019-02-21,,,,
"Animation Damnation 060 - Darkwing Duck: ""Twin Beaks""",2019-02-22,1991,,,
The 2019 WHM Oscars Special,2019-02-22,,,,
Episode 407 - The Island,2019-02-26,2005,1635,405,
"The Nexus 030 - TOS: ""The Alternative Factor"" / TNG: ""Where Silence Has Lease""",2019-02-27,1967,,,
Episode 408 - Prince of Persia: The Sands of Time,2019-03-05,2010,9543,406,
Gleep Glossary: A Star Wars Story 003 - Sebulba,2019-03-08,,,,
Episode 409 - Vibes,2019-03-12,1988,21185,407,
WHM On-Screen - Captain Marvel,2019-03-14,,,,
Episode 410 - Lara Croft: Tomb Raider,2019-03-14,2001,1995,408,
Episode 411 - Battlefield Earth,2019-03-19,2000,5491,409,
"Animation Damnation 061 - Stripperella: ""Beauty and the Obese""",2019-03-23,2003,,,
Episode 412 - Chill Factor,2019-03-26,1999,2162,410,
WHM Commentary 14 - Twilight: Breaking Dawnmentary Part 1,2019-03-26,2011,,,
"The Nexus 031 - DS9: ""Distant Voices"" / TNG: ""Genesis""",2019-03-28,1995,,,
"WHM Mail Bag - Explaining Movies to Old People, Celeb Sightings at the Cinema, and more!",2019-03-31,,,,
Episode 413 - Pet Sematary (1989),2019-04-02,1989,8913,411,
Episode 414 - Shrek 2,2019-04-09,2004,809,412,
Gleep Glossary: A Star Wars Story 004 - Momaw Nadon,2019-04-12,,,,
Episode 415 - Live Free or Die Hard,2019-04-16,2007,1571,413,
Episode 416 - Death Wish (2018),2019-04-19,2018,395990,414,
"WHM Mail Bag - Talking to Talent, Babysitting Horror Stories, and Misremembering Movie Details",2019-04-19,,,,
Episode 417 - 17 Again,2019-04-23,2009,16996,415,
"Animation Damnation 062 - Puss in Boots: ""Brothers”",2019-04-27,2015,,,
"The Nexus 032 - TOS: ""City on the Edge of Forever"" / TNG: ""Elementary, Dear Data""",2019-04-28,1967,,,
Episode 418 - Final Destination,2019-04-30,2000,9532,416,
WHM On-Screen - Avengers: Endgame,2019-05-02,,,,
Episode 419 - Serenity (2019),2019-05-03,2019,452832,417,
"Episode 420 - Dude, Where's My Car?",2019-05-07,2000,8859,418,
"Animation Damnation 063 - Pokémon: ""Go West, Young Meowth""",2019-05-10,1999,,,
Episode 421 - Space Cowboys,2019-05-14,2000,5551,419,
Gleep Glossary: A Star Wars Story 005 - Greedo,2019-05-17,,,,
Episode 422 - Ghosts of Girlfriends Past,2019-05-21,2009,12556,420,
WHM On-Screen - The Game of Thrones Series Finale,2019-05-24,,,,
WHM On-Screen - John Wick: Chapter 3 - Parabellum,2019-05-26,,,,
Episode 423 - The Super,2019-05-28,1991,53287,421,
"The Nexus 033 - TOS: ""Operation - Annihilate!"" / TNG: ""The Outrageous Okona""",2019-05-30,1967,,,
Episode 424 - G.I. Joe: The Rise of Cobra,2019-06-04,2009,14869,422,
WHM On-Screen - Dark Phoenix,2019-06-06,,,,
"WHM Mail Bag - WHM (At Work) Without Headphones, Concession Stand Thieves, and Flying with Hot Food Terrorists",2019-06-09,,,,
Episode 425 - Deep Rising,2019-06-11,1998,9457,423,
Episode 426 - Kingsman: The Secret Service,2019-06-14,2015,1040195,424,
Episode 427 - Bride of Chucky,2019-06-18,1998,11932,425,
Gleep Glossary: A Star Wars Story 006 - Melas the Sarkan,2019-06-20,,,,
"Animation Damnation 064 - G.I. Joe: ""G.I. Joe and the Golden Fleece""",2019-06-23,1986,,,
Episode 428 - Wanted,2019-06-25,2008,8909,426,
"The Nexus 034 - TOS: ""Amok Time""/ TNG: ""Loud as a Whisper""",2019-06-26,1967,,,
WHM Commentary 15 - Independence Daymentary,2019-06-30,1996,,,
Episode 429 - The Amazing Spider-Man,2019-07-02,2012,1930,427,
Episode 430 - Forrest Gump,2019-07-07,1994,13,428,
Episode 431 - The Ugly Truth,2019-07-08,2009,20943,429,
Gleep Glossary: A Star Wars Story 007 - Durga the Hutt,2019-07-14,,,,
Episode 432 - 2012,2019-07-16,2009,14161,430,
"WHM Mail Bag - Crazy Landladies, Getting Scared at ""Blade,"" and Working at the Shrek 4-D Show!",2019-07-17,,,,
Episode 433 - The Taking of Pelham 123 (2009),2019-07-23,2009,18487,431,
"Animation Damnation 065 - Hulk Hogan's Rock 'n' Wrestling: ""Clean Gene/Andre's Giant Problem""",2019-07-26,1985,,,
"The Nexus 035 - TOS: ""Who Mourns for Adonais?""/ TNG: ""The Schizoid Man""",2019-07-28,1967,,,
Episode 434 - The Fast and the Furious,2019-07-30,2001,9799,432,
Gleep Glossary: A Star Wars Story 008 - IG-88,2019-08-04,,,,
Episode 435 - Knowing (Live),2019-08-06,2009,13811,433,
Episode 436 - National Treasure: Book of Secrets,2019-08-09,2007,6637,434,
Episode 437 - Gone in 60 Seconds (2000) (Live),2019-08-13,2000,9679,435,
"Animation Damnation 066 - Noozles: ""A Wonderful Friendship""",2019-08-16,1984,,,
Episode 438 - The Wicker Man (2006) (Live),2019-08-20,2006,9708,436,
"The Nexus 036 - TOS: ""The Changeling"" / TNG: ""Unnatural Selection""",2019-08-22,1967,,,
Episode 439 - Species,2019-08-27,1995,9348,437,
"WHM Mail Bag - Lecherous Jeff Goldblum, Cheap Proms, and Ruined ""Midsommar"" Screenings",2019-08-30,,,,
Episode 440 - Buffy the Vampire Slayer,2019-09-03,1992,10206,438,
Episode 441 - GoldenEye,2019-09-06,1995,710,439,
Episode 442 - Double Impact,2019-09-10,1991,9594,440,
Gleep Glossary: A Star Wars Story 009 - Garindan,2019-09-15,,,,
Episode 443 - Sphere,2019-09-17,1998,10153,441,
"Animation Damnation 067 - The Wuzzles: ""What's Up, Stox?""",2019-09-19,1985,,,
Episode 444 - The Lawnmower Man,2019-09-24,1992,10163,442,
"The Nexus 037 - TOS: ""Mirror, Mirror"" / TNG: ""A Matter of Honor""",2019-09-27,1967,,,
"WHM Mail Bag - Inappropriately Laughing in Public, Campus Stalkers, and Fighting Over Theater Seats",2019-09-30,,,,
Episode 445 - Friday the 13th (2009),2019-10-01,2009,13207,443,
Episode 446 - The Shining,2019-10-03,1980,694,444,
"Animation Damnation 068 - The Simpsons: ""Treehouse of Horror V""",2019-10-05,1994,,,
Episode 447 - Final Destination 3,2019-10-08,2006,9286,445,
Gleep Glossary: A Star Wars Story 010 - Labria the Devil Guy,2019-10-10,,,,
Episode 448 - The Human Centipede (First Sequence),2019-10-15,2009,37169,446,
WHM Commentary 16 - Twilight: Breaking Dawnmentary Part 2,2019-10-20,2012,,,
Episode 449 - Child's Play (1988) (Live),2019-10-22,1988,10585,447,
"The Nexus 038: TOS: ""The Apple"" / TNG: ""The Measure of a Man""",2019-10-28,1967,,,
Episode 450 - Monster Squad,2019-10-29,1987,13509,448,
"WHM Mail Bag - Fighting at the Video Store, Chest Burster Toys, and Fango-Moms!",2019-10-30,,,,
Gleep Glossary: A Star Wars Story 011 - Boba Fett,2019-11-02,,,,
Episode 451 - Terminator Salvation,2019-11-05,2009,534,449,
Episode 452 - I Now Pronounce You Chuck & Larry,2019-11-12,2007,3563,450,
"Animation Damnation 069 - Teenage Mutant Ninja Turtles: ""Shredder's Mom"" & Duck Tales: ""Yuppy Ducks (Live)",2019-11-13,1989,,,
Episode 453 - The Terminator,2019-11-14,1984,218,451,
The Mandalorian Half-Hour - Chapter 1,2019-11-18,2019,,,
The Mandalorian Half-Hour - Chapter 2: The Child,2019-11-18,2019,,,
Episode 454 - Kindergarten Cop (Live),2019-11-19,1990,951,452,
The Mandalorian Half-Hour - Chapter 3: The Sin,2019-11-24,2019,,,
Episode 455 - The Karate Kid (1984) (Live),2019-11-26,1984,1885,453,
"The Nexus 039: TOS: ""The Doomsday Machine"" / TNG: ""The Dauphin""",2019-11-28,1967,,,
Episode 456 - Die Hard With A Vengeance,2019-12-03,1995,1572,454,
The Mandalorian Half-Hour - Chapter 4: Sanctuary,2019-12-05,2019,,,
The Mandalorian Half-Hour - Chapter 5: The Gunslinger,2019-12-08,2019,,,
Episode 457 - The Rock (Live),2019-12-10,1996,9802,455,
Episode 458 - Star Wars: The Empire Strikes Back,2019-12-13,1980,1891,456,
The Mandalorian Half-Hour - Chapter 6: The Prisoner,2019-12-15,2019,,,
Episode 459 - Star Wars: Return of the Jedi,2019-12-17,1983,1892,457,
The Mandalorian Half-Hour - Chapter 7: The Reckoning,2019-12-19,2019,,,
"Animation Damnation 070 - ""Rudolph the Red-Nosed Reindeer""",2019-12-19,1964,,,
Gleep Glossary: A Star Wars Story 012 - Uncle Owen & Aunt Beru,2019-12-21,,,,
Episode 460 - Gremlins,2019-12-24,1984,927,458,
"WHM Mail Bag - Plane Pukers, Amish Movie Night, Opening Presents Before Christmas & More!",2019-12-25,,,,
The Nexus 040: Star Trek: First Contact,2019-12-26,1996,,,
The Mandalorian Half-Hour - Chapter 8: Redemption,2019-12-30,2019,,,
WHM Commentary 17 - Predatormentary,2019-12-30,1987,,,
Episode 461 - Mad Max: Fury Road,2019-12-31,2015,76341,459,
WHM On-Screen - Star Wars Episode IX - The Rise of Skywalker,2020-01-05,2019,181812,460,
Episode 462 - Hellboy (2019),2020-01-07,2019,456740,461,
Episode 463 - Angel Has Fallen,2020-01-14,2019,423204,462,
Episode 464 - Once Upon a Time... in Hollywood,2020-01-15,2019,466272,463,
Gleep Glossary: A Star Wars Story 013 - Emperor Palpatine,2020-01-16,,,,
Episode 465 - Yesterday,2020-01-21,2019,515195,464,
"Animation Damnation 071 - Fast & Furious Spy Racers: ""Born a Toretto""",2020-01-23,2019,,,
Episode 466 - Fast & Furious Presents: Hobbs & Shaw,2020-01-28,2019,384018,465,
"Making It So 001: ""Remembrance""",2020-01-29,2020,,,
"The Nexus 041: TOS: ""Catspaw"" / TNG: ""Contagion""",2020-01-30,1967,,,
Episode 467 - Orphan,2020-02-04,2009,21208,466,
"Making It So 002: ""Maps and Legends""",2020-02-05,2020,,,
Episode 468 - Cruel Intentions,2020-02-11,1999,796,467,
"Making It So 003: ""The End is the Beginning""",2020-02-11,2020,,,
Gleep Glossary: A Star Wars Story 014 - Nien Nunb,2020-02-13,,,,
Episode 469 - Back to the Future II,2020-02-15,1989,165,468,
"Making It So 004: ""Absolute Candor""",2020-02-17,2020,,,
Episode 470 - Teen Wolf (Live),2020-02-18,1985,11824,469,
"Animation Damnation 072 - Yogi's Gang: ""Dr. Bigot""",2020-02-19,1973,,,
"The Nexus 042: TOS: ""I, Mudd"" / TNG: ""The Royale""",2020-02-23,1967,,,
Episode 471 - Doom,2020-02-25,2005,8814,470,
"Making It So 005: ""Stardust City Rag""",2020-02-25,2020,,,
"WHM Mail Bag - Third Wheels at the Movies, Theater Toilet Misunderstandings & Watching Gallagher Suck",2020-03-02,,,,
Episode 472 - Law Abiding Citizen,2020-03-03,2009,22803,471,
"Making It So 006 - ""The Impossible Box""",2020-03-04,2020,,,
"Making It So 007 - ""Nepenthe""",2020-03-09,2020,,,
Episode 473 - Death Wish 4: The Crackdown,2020-03-10,1987,26263,472,
"Animation Damnation 073 - Adventures of the Gummi Bears: ""A New Beginning""",2020-03-11,1985,,,
Episode 474 - Ferris Bueller's Day Off,2020-03-12,1986,9377,473,
Episode 475 - A Sound of Thunder,2020-03-17,2005,10077,474,
"Making It So 008 - ""Broken Pieces""",2020-03-18,2020,,,
Gleep Glossary: A Star Wars Story 015 - Kneesaa the Ewok Princess,2020-03-19,,,,
WHM Commentary 18 - Justice Leaguementary,2020-03-21,2017,,,
"MELR0210 001 - Beverly Hills 90210: ""Pilot, Part 1""",2020-03-23,1990,,,
Episode 476 - Queen of the Damned,2020-03-24,2002,11979,475,
"Making It So 009 - ""Et in Arcadia, Part1""",2020-03-25,2020,,,
"MELR0210 002 - Melrose Place: ""Pilot""",2020-03-26,1992,,,
"Quarantined Mail Bag 01 - Puking During 4DX, Meeting Mr. Crisp, and Going On a Blind Date to ""Multiplicity""",2020-03-29,,,,
"MELR0210 003 - Beverly Hills 90210: ""Pilot, Part 2""",2020-03-30,1990,,,
"The Nexus 043 - TNG: ""Captain's Holiday"" / TNG: ""Masks""",2020-03-30,1990,,,
Episode 477 - The Commuter,2020-03-31,2018,399035,476,
"Making It So 010 - ""Et in Arcadia, Part 2""",2020-04-01,2020,,,
"MELR0210 004 - Melrose Place: ""Friends & Lovers""",2020-04-02,1992,,,
"Animation Damnation 074 - The New Adventures of Gumby:  ""The Music Ball"" / ""The Elephant and the Dragon""",2020-04-03,1988,,,
"MELR0210 005 - Beverly Hills 90210: ""The Green Room""",2020-04-06,1990,,,
"MELR0210 006 - Melrose Place: ""Lost & Found""",2020-04-09,1992,,,
Gleep Glossary: A Star Wars Story 016 - Qui-Gon Jinn,2020-04-12,,,,
"MELR0210 007 - Beverly Hills 90210: ""Every Dream Has Its Price (Tag)""",2020-04-13,1990,,,
Episode 478 - John Carpenter's Vampires,2020-04-14,1998,9945,477,
Episode 479 - The Thing,2020-04-14,1982,1091,478,
"MELR0210 008 - Melrose Place: ""For Love or Money""",2020-04-16,1992,,,
"MELR0210 009 - Beverly Hills 90210: ""The First Time""",2020-04-20,1990,,,
Episode 480 - Raw Deal,2020-04-21,1986,2099,479,
"WHM Quarantine Live! 01 - VHS Parent Edits, Hometown Humiliation, and Bane!",2020-04-21,,,,
"MELR0210 010 - Melrose Place: ""Leap of Faith""",2020-04-23,1992,,,
A Side Order of Sleaze 009  - The Exterminator,2020-04-26,1980,,,
"MELR0210 011 - Beverly Hills 90210: ""One on One""",2020-04-27,1990,,,
Episode 481 - Cool As Ice,2020-04-28,1991,1496,480,
"The Nexus 044 - TOS: ""Metamorphosis"" / TNG: ""Time Squared""",2020-04-29,1967,,,
"MELR0210 012 - Melrose Place: ""Second Chances""",2020-04-30,1992,,,
"MELR0210 013 - Beverly Hills 90210: ""Higher Education""",2020-05-04,1990,,,
Episode 482 - Pirates of the Caribbean: The Curse of the Black Pearl,2020-05-05,2003,22,481,
Gleep Glossary: A Star Wars Story 017 - Gartogg the Gamorrean Pig Guard,2020-05-06,,,,
"MELR0210 014 - Melrose Place: ""My Way""",2020-05-07,1992,,,
"MELR0210 015 - Beverly Hills 90210: ""Perfect Mom""",2020-05-11,1990,,,
Episode 483 - Pirates of the Caribbean: Dead Man's Chest,2020-05-12,2006,58,482,
Episode 484 - The Ring (2002),2020-05-13,2002,565,483,
"MELR0210 016 - Melrose Place: ""Lonely Hearts""",2020-05-14,1992,,,
"MELR0210 017 - Beverly Hills 90210: ""The 17 Year Itch""",2020-05-18,1990,,,
Episode 485 - Pirates of the Caribbean: At World's End,2020-05-19,2007,285,484,
"The Nexus 045 - TOS: ""Journey to Babel"" / TNG: ""The Icarus Factor""",2020-05-20,1967,,,
"MELR0210 018 - Melrose Place: ""Responsibly Yours""",2020-05-21,1992,,,
"MELR0210 019 - Beverly Hills 90210: ""The Gentle Art of Listening""",2020-05-25,1990,,,
Episode 486 - Pirates of the Caribbean: On Stranger Tides,2020-05-26,2011,1865,485,
"Animation Damnation 075 - The Jetsons: ""The Little Man""",2020-05-27,1963,,,
"MELR0210 020 - Melrose Place: ""Burned""",2020-05-28,1992,,,
A Side Order of Sleaze 010 - Don's Plum,2020-05-29,2001,,,
"MELR0210 021 - Beverly HIlls 90210: ""Isn't It Romantic?""",2020-06-01,1991,,,
Episode 487 - Pirates of the Caribbean: Dead Men Tell No Tales,2020-06-03,2017,166426,486,
"MELR0210 022 - Melrose Place: ""A Promise Broken"" (Commentary)",2020-06-04,1992,,,
Episode 488 - No Country for Old Men,2020-06-05,2007,6977,487,
"MELR0210 023 - Beverly Hills 90210: ""B.Y.O.B.""",2020-06-08,1991,,,
Episode 489 - Scooby-Doo,2020-06-09,2002,9637,488,
"MELR0210 024 - Melrose Place: ""Polluted Affairs""",2020-06-11,1992,,,
"WHM Quarantine Live! 02 - Crude Star Trek Texts, Sex Ed Camp, and More!",2020-06-11,,,,
WHM Commentary 19 - CATSmentary,2020-06-12,2019,,,
"MELR0210 025 - Beverly Hills 90210: ""One Man and a Baby""",2020-06-15,1991,,,
Episode 490 - The Mummy (1999),2020-06-16,1999,564,489,
"Animation Damnation 076 - Scooby Doo, Where Are You?: ""Mystery Mask Mix-Up""",2020-06-17,1970,,,
"MELR0210 026 - Melrose Place: ""Dreams Come True""",2020-06-18,1992,,,
"MELR0210 027 - Beverly Hills 90210: ""Slumber Party"" ",2020-06-22,1991,,,
Episode 491 - Shrek the Third,2020-06-23,2007,810,490,
Gleep Glossary: A Star Wars Story 018 - Salacious B. Crumb,2020-06-24,,,,
"MELR0210 028 - Melrose Place: ""Drawing the Line""",2020-06-25,1992,,,
WHM “Can’t Hardly Wait” Commentary Watch Party,2020-06-27,1998,,,
"The Nexus 046 - TOS: ""Friday's Child"" / TNG: ""Pen Pals""",2020-06-28,1967,,,
A Side Order of Sleaze 011 - Basket Case,2020-06-29,1982,,,
Episode 492 - The Expendables,2020-06-30,2010,27578,491,
"MELR0210 029 - Beverly Hills 90210: ""East Side Story""",2020-07-02,1991,,,
Episode 493 - The Mask,2020-07-07,1994,854,492,
"Animation Damnation 077 - The Mask: ""Mr. Mask Goes to Washington""",2020-07-08,1996,,,
"MELR0210 030 - Melrose Place: ""House of God""",2020-07-09,1992,,,
Episode 494 - The Terminal,2020-07-14,2004,594,493,
Episode 495 - Raiders of the Lost Ark,2020-07-15,1981,85,494,
"MELR0210 031 - Beverly Hills 90210: ""A Fling in Palm Springs""",2020-07-16,1991,,,
Episode 496 - Lara Croft: Tomb Raider – The Cradle of Life,2020-07-21,2003,1996,495,
Gleep Glossary: A Star Wars Story 019 - Bib Fortuna,2020-07-23,,,,
"MELR0210 032 - Melrose Place: ""The Whole Truth""",2020-07-24,1992,,,
Episode 497 - Sherlock Holmes (2009),2020-07-28,2009,10528,496,
"MELR0210 033 - Beverly Hills 90210: ""The Next Fifty Years""",2020-07-30,1991,,,
"The Nexus 047 - TOS: ""The Deadly Years"" / TNG: ""Q Who""",2020-07-31,1967,,,
Episode 498 - Dante's Peak,2020-08-04,1997,9619,497,
"Animation Damnation 078 - Inspector Gadget: ""Monster Lake""",2020-08-05,1983,,,
Episode 499 - Multiplicity,2020-08-11,1996,9304,498,
Gleep Glossary: A Star Wars Story 020 - Jar Jar Binks,2020-08-12,,,,
Episode 500 - Superman III,2020-08-18,1983,9531,499,
Episode 500 - Superman IV,2020-08-20,1987,11411,500,
Episode 501 - Superman,2020-08-21,1978,1924,501,
"The Nexus 048 - TOS: ""Obsession"" / TNG: ""Samaritan Snare""",2020-08-24,1967,,,
Episode 502 - While You Were Sleeping,2020-08-25,1995,2064,502,
The KoЯnkast (Kornkast),2020-09-04,1998,,,
Episode 503 - Toy Soldiers,2020-09-08,1991,10750,503,
"Animation Damnation 079 - Garfield & Friends: ""Binky Gets Cancelled!/U.S. Acres: Show Stoppers/Cutie and the Beast""",2020-09-10,1989,,,
Episode 504 - Double Jeopardy,2020-09-15,1999,10398,504,
Gleep Glossary: A Star Wars Story 021 - Lowbacca,2020-09-17,,,,
Episode 505 - Ricochet,2020-09-22,1991,9546,505,
"WHM Mail Bag - Watching 'Married to the Eiffel Tower' with Dad, Hanging with an Ex-KoЯn Member & More!",2020-09-24,,,,
Episode 506 - Inside Man,2020-09-25,2006,388,506,
Episode 507 - Cool World,2020-09-29,1992,14239,507,
"The Nexus 049 - TOS: ""Wolf in the Fold"" / TNG: ""Up the Long Ladder""",2020-09-29,1967,,,
Episode 508 - Final Destination 2,2020-10-06,2003,9358,508,
Gleep Glossary: A Star Wars Story 022 - The Death Watch Mandalorians,2020-10-08,,,,
Episode 509 - Species II,2020-10-13,1998,10216,509,
"Animation Damnation 080 - It's the Great Pumpkin, Charlie Brown",2020-10-15,1966,,,
WHM Commentary 20 - Evil Dead 2mentary,2020-10-17,1987,,,
Episode 510 - Wishmaster 2: Evil Never Dies,2020-10-20,1999,12594,510,
Episode 511 - The Texas Chainsaw Massacre Part 2,2020-10-22,1986,16337,511,
WHM's Spook2cular Mail Bag!,2020-10-22,,,,
Episode 512 - Saw II,2020-10-27,2005,215,512,
"The Nexus 050 - TOS: ""The Trouble with Tribbles"" / TNG: ""Manhunt""",2020-10-29,1967,,,
The Mandalorian Half-Hour - Chapter 9: The Marshal,2020-10-31,2020,,,
Episode 513 - My Fellow Americans,2020-11-03,1996,17795,513,
Gleep Glossary: A Star Wars Story 023 - Cindel Towani,2020-11-04,,,,
The Mandalorian Half-Hour - Chapter 10: The Passenger,2020-11-09,2020,,,
Episode 514 - 10 to Midnight,2020-11-10,1983,18587,514,
"Animation Damnation 081 - Ewoks: ""The Curse of the Jindas""",2020-11-12,1985,,,
The Mandalorian Half-Hour - Chapter 11: The Heiress,2020-11-15,2020,,,
Episode 515 - Remo Williams: The Adventure Begins,2020-11-17,1985,10553,515,
Episode 516 - The China Syndrome,2020-11-19,1979,988,516,
The Mandalorian Half-Hour - Chapter 12: The Siege,2020-11-22,2020,,,
Episode 517 - The Firm,2020-11-24,1993,37233,517,
"The Nexus 051 - TOS: ""The Gamesters of Triskelion"" / TNG: ""The Emissary""",2020-11-27,1968,,,
The Mandalorian Half-Hour - Chapter 13: The Jedi,2020-11-28,2020,,,
Episode 518 - Citizen Kane,2020-12-01,1941,15,518,
Gleep Glossary: A Star Wars Story 024 - Yoda,2020-12-04,,,,
The Mandalorian Half-Hour - Chapter 14: The Tragedy,2020-12-07,2020,,,
Episode 519 - Fargo,2020-12-08,1996,275,519,
Episode 520 - The Lord of the Rings: The Fellowship of the Ring,2020-12-10,2001,120,520,
The WHM Holiday Mail Bag Extravaganza,2020-12-10,,,,
The Mandalorian Half-Hour - Chapter 15: The Believer,2020-12-14,2020,,,
Episode 521 - Batman Returns,2020-12-15,1992,364,521,
Animation Damnation 082 - Batman: Mask of the Phantasm,2020-12-17,1993,,,
The Mandalorian Half-Hour - Chapter 16: The Rescue,2020-12-21,2020,,,
Episode 522 - The Muppet Christmas Carol,2020-12-22,1992,10437,522,
WHM Commentary 21 - Die Hardmentary,2020-12-24,1988,,,
Episode 523 - A Nightmare on Elm Street (1984),2020-12-29,1984,377,523,
The Nexus 052 - Star Trek (2009),2020-12-29,2009,,,
Episode 524 - Wonder Woman 1984,2021-01-05,2020,464052,524,
Gleep Glossary: A Star Wars Story 025 - Mr. Bones,2021-01-07,,,,
Episode 525 - Dolittle,2021-01-12,2020,448119,525,
Animation Damnation 083 - The Lego Star Wars Holiday Special,2021-01-14,2020,,,
Episode 526 - Fantasy Island,2021-01-19,2020,539537,526,
Episode 527 - Birds of Prey,2021-01-21,2020,495764,527,
Episode 528 - Bad Boys for Life,2021-01-26,2020,38700,528,
"The Nexus 053 - TOS: ""A Piece of the Action"" / TNG: ""Peak Performance""",2021-01-29,1968,,,
Episode 529 - The Karate Kid Part II,2021-02-02,1986,8856,529,
"MELR0210 034 - Beverly Hills 90210: ""Spring Dance"" / Melrose Place: ""Single White Sister""",2021-02-04,1991,,,
Episode 530 - P.S. I Love You,2021-02-09,2007,6023,530,
Episode 531 - Gremlins 2: The New Batch,2021-02-11,1990,928,531,
Animation Damnation 084 - The Popeye Valentine Special: Sweethearts at Sea,2021-02-13,1979,,,
Episode 532 - Mr. Nanny,2021-02-16,1993,19371,532,
Gleep Glossary: A Star Wars Story 026 - Oola the Twi'lek Dancer,2021-02-18,,,,
Episode 533 - Live Wire,2021-02-23,1992,12629,533,
"The Nexus 054 - TOS: ""The Immunity Syndrome"" / TNG: ""Shades of Gray""",2021-02-25,1968,,,
Episode 534 - The Pest,2021-03-02,1997,17949,534,
"MELR0210 035 - Beverly Hills 90210: ""Home Again"" / Melrose Place: ""Peanut Butter and Jealousy""",2021-03-04,1991,,,
Episode 535 - Warriors of Virtue,2021-03-09,1997,49478,535,
Episode 536 - Goodfellas,2021-03-11,1990,769,536,
Episode 537 - Poltergeist II: The Other Side,2021-03-16,1986,11133,537,
Gleep Glossary: A Star Wars Story 027 - Hohass Ekwesh,2021-03-18,,,,
"The Snyder Sessions Part 1 - You're Being Haunted by a Kryptonian Ghost, Chiiiild!",2021-03-22,2021,,,
Episode 538 - Vertical Limit,2021-03-23,2000,11678,538,
"The Snyder Sessions Part 2 - Paul Schrader's ""Aqua Focus""",2021-03-24,,,,
"Animation Damnation 085 - Transformers: ""Carnage in C-Minor""",2021-03-25,1986,,,
"The Snyder Sessions Part 3 - ""Mother Box by the Sea""",2021-03-26,,,,
"The Nexus 055 - TNG: ""Relics"" / TNG: ""Schisms""",2021-03-29,1992,,,
Episode 539 - Double Team,2021-03-30,1997,9405,539,
WHM Commentary 22 - Enter the Ninjamentary,2021-03-31,1981,,,
Episode 540 - You Only Live Twice,2021-04-06,1967,667,540,
Gleep Glossary: A Star Wars Story 028 - Ree-Yees,2021-04-08,,,,
Episode 541 - Zardoz,2021-04-13,1974,4923,541,
"MELR0210 036 - Beverly Hills 90210: ""Beach Blanket Brandon"" / Melrose Place: ""Picture Imperfect""",2021-04-15,1991,,,
Episode 542 - Goldfinger,2021-04-16,1964,658,542,
Episode 543 - Highlander,2021-04-20,1986,8009,543,
"Once In A Lifetime 001 - ""Stalked by My Doctor""",2021-04-22,2015,,,
Episode 544 - The Avengers (1998),2021-04-27,1998,9320,544,
"Animation Damnation 086 - Mighty Ducks: The Animated Series: ""Puck Fiction""",2021-04-28,1996,,,
"The Nexus 056 - TOS: ""A Private Little War"" / TNG: ""Evolution""",2021-04-30,1968,,,
Episode 545 - Stargate,2021-05-04,1994,2164,545,
Episode 546 - Escape from New York,2021-05-06,1981,1103,546,
Episode 547 - The Simpsons Movie,2021-05-11,2007,35,547,
Gleep Glossary: A Star Wars Story 029 - General Maximilian Veers,2021-05-13,,,,
Episode 548 - Saw III,2021-05-18,2006,214,548,
"MELR0210 037 - Beverly Hills 90210: ""The Party Fish"" / Melrose Place: ""Three's a Crowd""",2021-05-20,1991,,,
WHM Mail Bag - 5.20.21,2021-05-20,,,,
"Animation Damnation 087 - The Critic: ""Dr. Jay""",2021-05-21,1994,,,
Episode 549 - The Mighty Ducks,2021-05-25,1992,10414,549,
"The Nexus 057 - TOS: ""Return to Tomorrow"" / TNG: ""The Ensigns of Command""",2021-05-27,1968,,,
Episode 550 - 101 Dalmatians (1996),2021-06-01,1996,11674,550,
"Once In A Lifetime 002 - ""Death of a Cheerleader""",2021-06-03,1994,,,
Episode 551 - The Prophecy,2021-06-08,1995,11980,551,
Episode 552 - A History of Violence,2021-06-10,2005,59,552,
Episode 553 - Jonah Hex,2021-06-15,2010,20533,553,
Animation Damnation 088 - DC Showcase: Green Arrow & Jonah Hex,2021-06-18,2010,,,
Episode 554 - Fast Five,2021-06-22,2011,51497,554,
"MELR0210 038 - Beverly Hills 90210: ""Summer Storm"" / Melrose Place: ""My New Partner""",2021-06-24,1991,,,
Gleep Glossary: A Star Wars Story 030 - Ken,2021-06-25,,,,
"The Nexus 058 - TOS: ""Patterns of Force"" / TNG: ""The Survivors""",2021-06-27,1968,,,
Episode 555 - Wild Things,2021-06-29,1998,617,555,
WHM Commentary 23 - Jackassmentary,2021-06-30,2002,,,
Episode 556 - Iron Man,2021-07-02,2008,1726,556,
Episode 557 - Iron Man 2,2021-07-06,2010,10138,557,
Gleep Glossary: A Star Wars Story 031 - Triclops,2021-07-08,,,,
Episode 558 - Turner & Hooch,2021-07-13,1989,6951,558,
"MELR0210 039 - Beverly Hills 90210: ""Anaconda"" / Melrose Place: ""Bye Bye Billy""",2021-07-18,1991,,,
Episode 559 - The Village,2021-07-20,2004,6947,559,
WHM Mail Bag - 7.22.21,2021-07-22,,,,
"The Nexus 059 - TOS: ""By Any Other Name"" / TNG: ""Who Watches the Watchers""",2021-07-23,1968,,,
Episode 560 - The Mummy Returns,2021-07-27,2001,1734,560,
"Animation Damnation 089 - The Mummy: ""The Summoning""",2021-07-29,2001,,,
Episode 561 - Puss in Boots,2021-08-03,2011,417859,561,
Gleep Glossary: A Star Wars Story 032 - Aurra Sing,2021-08-05,,,,
"MELR0210 040 - Beverly Hills 90210: ""Play It Again, David"" / Melrose Place: ""Irreconcilable Similarities""",2021-08-13,1991,,,
Episode 562 - Witchboard (Live),2021-08-17,1986,17994,562,
"Animation Damnation 090 - Tales from the Cryptkeeper: ""Game Over"" (Live)",2021-08-20,1994,,,
"Once In A Lifetime 003 - ""Deadly Mile High Club""",2021-08-25,2020,,,
Episode 563 - Mad Max,2021-08-27,1979,9659,563,
"The Nexus 060 - TOS: ""The Omega Glory"" / TNG: ""The Bonding""",2021-08-29,1968,,,
Episode 564 - Mad Max Beyond Thunderdome (Live),2021-08-31,1985,9355,564,
Episode 565 - Resident Evil,2021-09-07,2002,1576,565,
Episode 566 - Memento,2021-09-09,2000,77,566,
Episode 567 - Hiding Out,2021-09-15,1987,26156,567,
"Animation Damnation 091 - Pound Puppies: ""Cooler, Come Back""",2021-09-16,1987,,,
Episode 568 - Varsity Blues,2021-09-21,1999,14709,568,
WHM Mail Bag - 9.22.21,2021-09-22,,,,
Gleep Glossary: A Star Wars Story 033 - General Grievous,2021-09-23,,,,
"MELR0210 041 - Beverly Hills 90210: ""Pass, Not Pass"" / Melrose Place: ""End Game""",2021-09-26,1991,,,
Episode 569 - Single White Female,2021-09-28,1992,9605,569,
"The Nexus 061 - TOS: ""The Ultimate Computer"" / TNG: ""Booby Trap""",2021-09-30,1968,,,
Episode 570 - An American Werewolf in London,2021-10-01,1981,814,570,
Episode 571 - An American Werewolf in Paris,2021-10-05,1997,9406,571,
"Once In A Lifetime 004 - ""Devil's Diary""",2021-10-07,2007,,,
"Animation Damnation 092 - Doug: ""Doug's Halloween Adventure""",2021-10-09,1993,,,
Episode 572 - Halloween H20: 20 Years Later,2021-10-12,1998,11675,572,
Gleep Glossary: A Star Wars Story 034 - Chancellor Finis Valorum,2021-10-18,,,,
Episode 573 - Stay Alive,2021-10-19,2006,10069,573,
"MELR0210 042 - Beverly Hills 90210: ""Camping Trip"" / Melrose Place: ""The Test""",2021-10-22,1991,,,
"WHM Mail Bag - Making Out During ""Inside Man,"" Obsessively Renting ""Robocop 3,"" and Hating Chevy Chase",2021-10-25,,,,
Episode 574 - Leprechaun,2021-10-26,1993,11811,574,
WHM Commentary 24 - Prowlermentary,2021-10-28,1981,,,
"The Nexus 062 - TOS: ""Bread and Circuses"" / TNG: ""The Enemy""",2021-10-29,1968,,,
Episode 575 - Zookeeper,2021-11-02,2011,38317,575,
Episode 576 - Ghostbusters,2021-11-05,1984,620,576,
Episode 577 - The 6th Day,2021-11-09,2000,8452,577,
"Animation Damnation 093 - Extreme Ghostbusters: ""Darkness at Noon""",2021-11-12,1997,,,
"Episode 578 - Honey, I Shrunk The Kids",2021-11-16,1989,9354,578,
"MELR0210 043 - Beverly Hills 90210: ""Wildfire"" / Melrose Place: ""Pushing Boundaries""",2021-11-20,1991,,,
Episode 579 - Chairman of the Board,2021-11-23,1998,31535,579,
Gleep Glossary: A Star Wars Story 035 - Barada,2021-11-26,,,,
"The Nexus 063 - TOS: ""Assignment: Earth"" / TNG: ""The Price""",2021-11-29,1968,,,
Episode 580 - Taken (Live),2021-11-30,2008,8681,580,
Episode 581 - Casablanca,2021-12-07,1942,289,581,
"Once In A Lifetime 005 - ""Merry In-Laws""",2021-12-10,2012,,,
Episode 582 - Spider-Man,2021-12-14,2002,557,582,
Episode 583 - Alien,2021-12-15,1979,348,583,
"MELR0210 044 - Beverly Hills 90210: ""Ashes to Ashes"" / Melrose Place: ""Pas de Trois""",2021-12-19,1991,,,
Episode 584 - Home Alone,2021-12-21,1990,771,584,
Animation Damnation 094 - Toy Story,2021-12-23,1995,,,
Gleep Glossary: A Star Wars Story 036 - Obi-Wan Kenobi,2021-12-27,,,,
Episode 585 - The Matrix,2021-12-28,1999,603,585,
The Nexus 064 - Star Trek: Generations,2021-12-29,1994,,,
WHM Commentary 25 - American Moviementary,2021-12-30,1999,,,
"The Podcast of Boba Fett 01 - ""Stranger in a Strange Land""",2022-01-02,2021,,,
Episode 586 - Free Guy,2022-01-04,2021,550988,586,
"The Podcast of Boba Fett 02 - ""The Tribes of Tatooine""",2022-01-09,2022,,,
Episode 587 - Space Jam: A New Legacy,2022-01-11,2021,379686,587,
"Animation Damnation 095 - Little Ellen: ""Best Laid Plans"" / ""NOLA Confidential""",2022-01-13,2021,,,
"MELR0210 045 - Beverly Hills 90210: ""Necessity Is a Mother"" / Melrose Place: ""Carpe Diem""",2022-01-15,1991,,,
"The Podcast of Boba Fett 03 - ""The Streets of Mos Espa""",2022-01-16,2022,,,
Episode 588 - Infinite,2022-01-18,2021,581726,588,
Episode 589 - Dune (2021),2022-01-20,2021,438631,589,
"The Podcast of Boba Fett 04 - ""The Gathering Storm""",2022-01-23,2022,,,
Episode 590 - Eternals,2022-01-25,2021,524434,590,
Gleep Glossary: A Star Wars Story 037 - Dengar,2022-01-27,,,,
"The Nexus 065 - TOS: ""Spock's Brain"" / TNG: ""The Vengeance Factor""",2022-01-29,1968,,,
"The Podcast of Boba Fett 05 - ""Return of the Mandalorian""",2022-01-30,2022,,,
Episode 591 - Big Bully,2022-02-01,1996,36929,591,
"MELR0210 046 - Beverly Hills 90210: ""Leading from the Heart"" / Melrose Place: ""State of Need""",2022-02-04,1991,,,
"The Podcast of Boba Fett 06 - ""From the Desert Comes a Stranger""",2022-02-06,2022,,,
Episode 592 - The Truth About Cats and Dogs,2022-02-08,1996,8866,592,
"The Podcast of Boba Fett 07 - ""In the Name of Honor""",2022-02-11,2022,,,
"Once In A Lifetime 006 - ""Stalked by My Doctor: The Return""",2022-02-13,2016,,,
Episode 593 - Blown Away,2022-02-15,1994,178,593,
Episode 594 - Kill Bill: Vol. 1,2022-02-17,2003,24,594,
"Animation Damnation 096 - Disney's Doug: ""Doug Plays Cupid""",2022-02-19,1999,,,
Episode 595 - C.H.U.D. (Live),2022-02-22,1984,23730,595,
Episode 596 - Kill Bill: Vol. 2,2022-02-23,2004,393,596,
Gleep Glossary: A Star Wars Story 038 - The Max Rebo Band,2022-02-27,,,,
"The Nexus 066 - TOS: ""The Enterprise Incident"" / TNG: ""The Defector""",2022-02-28,1968,,,
Episode 597 - The Adventures of Pinocchio,2022-03-01,1996,18975,597,
Episode 598 - S1m0ne,2022-03-08,2002,9296,598,
"MELR0210 047 - Beverly Hills 90210: ""Down and Out of District in Beverly Hills"" / Melrose Place: ""Suspicious Minds""",2022-03-09,1991,,,
Episode 599 - The Warriors,2022-03-10,1979,11474,599,
Episode 600 - Delta Farce,2022-03-15,2007,14547,600,
"Animation Damnation 097 - Double Dragon: ""Shadow Claw""",2022-03-17,1994,,,
Episode 601 - The Last Boy Scout,2022-03-22,1991,9319,601,
Gleep Glossary: A Star Wars Story 039 - Bossk,2022-03-25,,,,
"The Nexus 067 - TNG: ""Parallels"" / DS9: ""Trials and Tribble-ations""",2022-03-26,1993,,,
Episode 602 - The Last Castle,2022-03-29,2001,2100,602,
"WHM Mail Bag - Rolling in Mud at School, Watching ""Sleepers"" with Grandma, Vomiting On Your Girlfriend, and More!",2022-03-29,,,,
WHM Commentary 26 - Harry Potter and the Sorcerer's Stonementary,2022-03-31,2001,,,
Episode 603 - Morbius,2022-04-05,2022,526896,603,
"Once In A Lifetime 007 - ""Stalked by My Doctor: Patient's Revenge""",2022-04-08,2018,,,
Episode 604 - Junior (Live),2022-04-12,1994,6280,604,
Episode 605 - Last Action Hero,2022-04-14,1993,9593,605,
Episode 606 - Event Horizon,2022-04-19,1997,8413,606,
"MELR0210 048 - Beverly Hills 90210: ""Halloween"" / Melrose Place: ""Much Ado About Everything""",2022-04-21,1991,,,
"The Nexus 068 - TOS: ""The Paradise Syndrome"" / TNG: ""The Hunted""",2022-04-22,1968,,,
Episode 607 - Max Payne,2022-04-26,2008,13051,607,
"Animation Damnation 098 - Spider-Man: The Animated Series: ""Morbius""",2022-04-28,1995,,,
Gleep Glossary: A Star Wars Story 040 - The Emperor's Royal Guards,2022-04-29,,,,
Episode 608 - Soylent Green,2022-05-03,1973,12101,608,
Episode 609 - Firestarter (1984),2022-05-10,1984,11495,609,
Episode 610 - Collateral,2022-05-12,2004,1538,610,
"Animation Damnation 099 - Chip 'n' Dale Rescue Rangers: ""The Case of the Cola Cult""",2022-05-14,1989,,,
Episode 611 - Dream Warriors (Live),2022-05-17,1987,10072,611,
"MELR0210 049 - Beverly Hills 90210: ""U4EA"" / Melrose Place: ""A Long Night's Journey""",2022-05-19,1991,,,
Episode 612 - Top Gun,2022-05-24,1986,744,612,
WHM Commentary 27 - A Talking Catmentary!?!,2022-05-26,2013,,,
"Obi-Pod Kenobi 01 - ""Part I"" & ""Part II""",2022-05-28,2022,,,
Gleep Glossary: A Star Wars Story 041 - George R. Binks,2022-05-29,,,,
"The Nexus 069 - TOS: ""And the Children Shall Lead"" / TNG: ""The High Ground""",2022-05-30,1968,,,
Episode 613 - Mortal Kombat (2021) [Live],2022-05-31,2021,460465,613,
Episode 614 - Jurassic Park,2022-06-02,1993,329,614,
"Obi-Pod Kenobi 02 - ""Part III""",2022-06-03,2022,,,
Episode 615 - City Slickers,2022-06-07,1991,1406,615,
"MELR0210 050 - Beverly Hills 90210: ""My Desperate Valentine"" / Melrose Place: ""Revenge""",2022-06-09,1991,,,
"Obi-Pod Kenobi 03 - ""Part IV""",2022-06-09,2022,,,
Episode 616 - The Expendables 2,2022-06-14,2012,76163,616,
"Once In A Lifetime 008 - ""Babynapped""",2022-06-16,2017,,,
"Obi-Pod Kenobi 04 - ""Part V""",2022-06-17,2022,,,
Episode 617 - Cats & Dogs,2022-06-21,2001,10992,617,
"Animation Damnation 100 - Happily Ever After: Fairy Tales for Every Child - ""Henny Penny""",2022-06-23,1999,,,
"Obi-Pod Kenobi 05 - ""Part VI""",2022-06-24,2022,,,
"The Nexus 070 - TOS: ""Is There in Truth No Beauty?"" / TNG: ""Deja Q""",2022-06-26,1968,,,
Episode 618 - Despicable Me,2022-06-28,2010,20352,618,
"Gleep Glossary: A Star Wars Story 042 - Davin ""Look, Sir, Droids!"" Felth",2022-06-30,,,,
Episode 619 - Thor: The Dark World,2022-07-05,2013,76338,619,
"MELR0210 051 - Beverly Hills 90210: ""Chuckie's Back"" / Melrose Place: ""Fire Power""",2022-07-07,1991,,,
Episode 620 - Iron Man 3,2022-07-08,2013,68721,620,
Episode 621 - Clash of the Titans (2010),2022-07-12,2010,18823,621,
"The Nexus 071 - TOS: ""Spectre of the Gun"" / TNG: ""A Matter of Perspective""",2022-07-14,1968,,,
Episode 622 - American Pie,2022-07-19,1999,2105,622,
Gleep Glossary: A Star Wars Story 043 - 4-LOM,2022-07-21,,,,
Episode 623 - The Lost Boys,2022-07-26,1987,1547,623,
"Animation Damnation 101 - ReBoot: ""The Tearing""",2022-07-27,1994,,,
Episode 624 - Escape Plan (Live),2022-08-02,2013,107846,624,
Gleep Glossary: A Star Wars Story 044 - Mace Windu,2022-08-04,,,,
Episode 625 - Robocop 3 (Live),2022-08-09,1993,5550,625,
Episode 626 - Robocop (1987),2022-08-11,1987,5548,626,
Episode 627 - Under Seige,2022-08-16,1992,8845,627,
WHM Mail Bag - 8.17.22,2022-08-17,,,,
"Animation Damnation 102 - Dilbert: ""Little People""",2022-08-17,1999,,,
"Once In A Lifetime 009 - ""The Wrong Roommate""",2022-08-18,2016,,,
"MELR0210 052 - Beverly Hills 90210: ""A Walsh Family Christmas"" / Melrose Place: ""Of Bikes and Men""",2022-08-19,1991,,,
Episode 628 - Stop! Or My Mom Will Shoot (Live),2022-08-23,1992,9876,628,
"The Nexus 072 - TOS: ""Day of the Dove"" / TNG: ""Yesterday's Enterprise""",2022-08-25,1968,,,
Episode 629 - Footloose (1984) (Live),2022-08-30,1984,1788,629,
Episode 630 - The Lord of the Rings: The Two Towers,2022-09-01,2002,121,630,
Episode 631 - Nothing But Trouble,2022-09-06,1991,11933,631,
"Animation Damnation 103 - TailSpin: ""Last Horizons""",2022-09-08,1990,,,
Episode 632 - Stone Cold,2022-09-13,1991,21338,632,
"MELR0210 053 - Beverly Hills 90210: ""Fire and Ice"" / Melrose Place: ""Hot and Bothered""",2022-09-15,1992,,,
Gleep Glossary: A Star Wars Story 045 - Weequay,2022-09-16,,,,
Episode 633 - Shrek Forever After,2022-09-20,2010,10192,633,
Episode 634 - Disturbing Behavior,2022-09-27,1998,9424,634,
"The Nexus 073 - TOS: ""For the World Is Hollow and I Have Touched the Sky"" / TNG: ""The Offspring""",2022-09-29,1968,,,
WHM On-Screen LIVE - New York Film Festival Coverage Week 1,2022-10-02,,,,
Episode 635 - Hellraiser: Bloodline,2022-10-04,1996,8766,635,
Episode 636 - Halloween (1978),2022-10-06,1978,948,636,
WHM On-Screen LIVE - New York Film Festival Coverage Week 2,2022-10-09,,,,
Episode 637 - Halloween II (1981),2022-10-11,1981,11281,637,
"Once In A Lifetime 010 - ""The Sitter""",2022-10-13,2007,,,
WHM On-Screen LIVE - New York Film Festival Coverage Week 3,2022-10-16,,,,
Episode 638 - The Exorcist III,2022-10-18,1990,11587,638,
"Animation Damnation 104 - Aaahh!!! Real Monsters: ""The Switching Hour""",2022-10-20,1994,,,
WHM Commentary 28 - Friday the 13thmentary,2022-10-21,1980,,,
WHM Mail Bag 10.24.22,2022-10-24,,,,
Episode 639 - Leprechaun 2,2022-10-25,1994,18009,639,
Gleep Glossary: A Star Wars Story 046 - Dannik Jerriko,2022-10-26,,,,
"MELR0210 054 - Beverly Hills 90210: ""A Competitive Edge"" / Melrose Place: ""Flirting with Disaster""",2022-10-27,1992,,,
"The Nexus 074 - TOS: ""The Tholian Web"" / TNG: ""Sins of the Father""",2022-10-28,1968,,,
Episode 640 - North By Northwest,2022-11-01,1959,213,640,
Animation Damnation 105 - The Nightmare Before Christmas,2022-11-03,1993,,,
Episode 641 - Thief,2022-11-08,1981,11524,641,
The Nexus 075 - Star Trek: The Motion Picture,2022-11-10,1979,,,
Episode 642 - The Royal Tenenbaums,2022-11-15,2001,9428,642,
Episode 643 - Hannibal,2022-11-17,2001,9740,643,
Episode 644 - Point Break,2022-11-22,1991,1089,644,
"MELR0210 055 c Beverly Hills 90210: ""Everybody's Talking 'Bout It"" / Melrose Place: ""No Bed of Roses""",2022-11-24,1992,,,
Gleep Glossary: A Star Wars Story 047 - Chewbacca,2022-11-25,,,,
Episode 645 - Bram Stoker's Dracula,2022-11-29,1992,6114,645,
Episode 646 - Rocky V (Live),2022-11-06,1990,1375,646,
Episode 647 - True Lies,2022-12-08,1994,36955,647,
Episode 648 - Avatar,2022-12-12,2009,19995,648,
Episode 649 - Christmas with the Kranks,2022-12-19,2004,13673,649,
Episode 650 - Home Alone 2 Lost in New York,2022-12-20,1992,772,650,
Episode 651 - Moonfall,2023-01-02,2022,406759,651,
Episode 652 - Top Gun Maverick,2023-01-05,2022,361743,652,
Episode 653 - Jurassic World Dominion,2023-01-09,2022,507086,653,
Episode 654 - Uncharted,2023-01-16,2022,335787,654,
Episode 655 - Halloween Ends,2023-01-23,2022,616820,655,
Episode 656 - Black Adam,2023-01-30,2022,436270,656,
Episode 657 - The Big Lebowski,2023-02-03,1998,115,657,
Episode 658 - R.I.P.D.,2023-02-06,2013,49524,658,
Episode 659 - Sleepless in Seattle,2023-02-13,1993,858,659,
Episode 660 - My Bloody Valentine,2023-02-20,1981,39874,660,
